talk_name,speaker,session,date,month,year,conference,role,speaker_order,num_words,runtime,talk_number,link,kicker
Finding Joy in Christ,Steven J. Lund,saturday-afternoon,2020-10-03 00:00:00.000,October,2020,October 2020,Young Men General President,2,1514,9:56,1,https://www.churchofjesuschrist.org/study/general-conference/2020/10/23lund,The surest way to find joy in this life is to join Christ in helping others.
The Culture of Christ,William K. Jackson,saturday-afternoon,2020-10-03 00:00:00.000,October,2020,October 2020,Of the Seventy,6,1500,,1,https://www.churchofjesuschrist.org/study/general-conference/2020/10/27jackson,We can cherish the best of our individual earthly cultures and be full participants in the eternal culture that comes from the gospel of Jesus Christ.
"Let Patience Have Her Perfect Work, and Count It All Joy!",Jeremy R. Jaggi,sunday-afternoon,2020-10-04 00:00:00.000,October,2020,October 2020,Of the Seventy,2,1492,10:15,1,https://www.churchofjesuschrist.org/study/general-conference/2020/10/52jaggi,"When we exercise patience, our faith increases. As our faith increases, so does our joy."
"Ask, Seek, and Knock",Milton Camargo,sunday-afternoon,2020-10-04 00:00:00.000,October,2020,October 2020,First Counselor in the Sunday School General Presidency,4,1484,10:10,1,https://www.churchofjesuschrist.org/study/general-conference/2020/10/54camargo,An important part of Heavenly Father’s plan is the opportunity to communicate with Him anytime we want.
Enduring Power,Kelly R. Johnson,sunday-afternoon,2020-10-04 00:00:00.000,October,2020,October 2020,Of the Seventy,6,1430,9:53,1,https://www.churchofjesuschrist.org/study/general-conference/2020/10/56johnson,Only faith and the word of God that fill our inner soul are sufficient to sustain us—and to allow us to access His power.
Ensuring a Righteous Judgment,James R. Rasband,saturday-morning,2020-04-04 00:00:00.000,April,2020,April 2020,Of the Seventy,3,1392,9:47,1,https://www.churchofjesuschrist.org/study/general-conference/2020/04/13rasband,"To ensure a righteous judgment, the Savior’s atoning sacrifice will clear away the underbrush of ignorance and the painful thorns of hurt caused by others."
Come unto Christ—Living as Latter-day Saints,John A. McCune,saturday-afternoon,2020-04-04 00:00:00.000,April,2020,April 2020,Of the Seventy,2,1356,9:10,1,https://www.churchofjesuschrist.org/study/general-conference/2020/04/24mccune,"We can do difficult things and help others do the same, because we know in whom we can trust."
The Power of the Book of Mormon in Conversion,Benjamin M. Z. Tai,saturday-afternoon,2020-04-04 00:00:00.000,April,2020,April 2020,Of the Seventy,5,1346,,1,https://www.churchofjesuschrist.org/study/general-conference/2020/04/27tai,"The Book of Mormon provides spiritual nutrition, prescribes a plan of action, and connects us with the Holy Spirit."
How the Priesthood Blesses Youth,Laudy Ruth Kaouk Alvarez,saturday-evening,2020-04-04 00:00:00.000,April,2020,April 2020,"Member of the Slate Canyon 14th Ward (Spanish), Provo Utah Stake",2,935,,1,https://www.churchofjesuschrist.org/study/general-conference/2020/04/32alvarez,"Through the priesthood, we can be lifted. The priesthood brings light into our world."
How the Priesthood Blesses Youth,Enzo Serge Petelo,saturday-evening,2020-04-04 00:00:00.000,April,2020,April 2020,"Member of the Meadow Wood Ward, Provo Utah Edgemont Stake",3,1134,6:26,1,https://www.churchofjesuschrist.org/study/general-conference/2020/04/33petelo,"We are given the opportunity to minister like angels, to preach the gospel on all the continents of the earth, and to help souls come unto Christ."
Finding Refuge from the Storms of Life,Ricardo P. Giménez,sunday-afternoon,2020-04-05 00:00:00.000,April,2020,April 2020,Of the Seventy,3,1579,,1,https://www.churchofjesuschrist.org/study/general-conference/2020/04/53gimenez,"Jesus Christ and His Atonement are the refuge that we all need, regardless of the storms that are battering our lives."
Found through the Power of the Book of Mormon,Rubén V. Alliaud,saturday-afternoon,2019-10-05 00:00:00.000,October,2019,October 2019,Of the Seventy,2,1474,9:35,1,https://www.churchofjesuschrist.org/study/general-conference/2019/10/23alliaud,All must experience and be found by the power of the truths contained in the Book of Mormon.
"Come, Follow Me—the Lord’s Counterstrategy and Proactive Plan",Mark L. Pace,saturday-afternoon,2019-10-05 00:00:00.000,October,2019,October 2019,Sunday School General President,5,1587,10:42,1,https://www.churchofjesuschrist.org/study/general-conference/2019/10/26pace,"The Lord prepares His people against the attacks of the adversary.Come, Follow Meis the Lord’s counterstrategy and proactive plan."
Consistent and Resilient Trust,L. Todd Budge,saturday-afternoon,2019-10-05 00:00:00.000,October,2019,October 2019,Of the Seventy,6,1518,10:23,1,https://www.churchofjesuschrist.org/study/general-conference/2019/10/27budge,Trusting in the Lord includes trusting in His timing and requires patience and endurance that outlast the storms of life.
After the Trial of Our Faith,Jorge M. Alvarado,saturday-afternoon,2019-10-05 00:00:00.000,October,2019,October 2019,Of the Seventy,7,1563,10:34,1,https://www.churchofjesuschrist.org/study/general-conference/2019/10/28alvarado,"As we follow God’s voice and His covenant path, He will strengthen us in our trials."
Honoring His Name,L. Harkness,womens,2019-10-05 00:00:00.000,October,2019,October 2019,First Counselor in the Primary General Presidency,2,1258,9:54,1,https://www.churchofjesuschrist.org/study/general-conference/2019/10/32harkness,"With covenant identity and belonging, we are called by the name of Jesus Christ."
"Knowing, Loving, and Growing",Hans T. Boom,sunday-afternoon,2019-10-06 00:00:00.000,October,2019,October 2019,Of the Seventy,2,1350,8:51,1,https://www.churchofjesuschrist.org/study/general-conference/2019/10/52boom,May we all come to understand our part in this great ministering work so that we will become more like Him.
Power to Overcome the Adversary,Peter M. Johnson,sunday-afternoon,2019-10-06 00:00:00.000,October,2019,October 2019,Of the Seventy,4,1419,,1,https://www.churchofjesuschrist.org/study/general-conference/2019/10/54johnson,"How do we find peace, remember who we are, and overcome the three Ds of the adversary?"
Careful versus Casual,Rebecca L. Craven,saturday-morning,2019-04-06 00:00:00.000,April,2019,April 2019,Second Counselor in the Young Women General Presidency,2,1563,12:24,1,https://www.churchofjesuschrist.org/study/general-conference/2019/04/12craven,"As the influences of the world increasingly embrace the evil, we must strive with all diligence to stay firmly on the path that leads us safely to our Savior."
Answers to Prayer,Brook P. Hales,saturday-morning,2019-04-06 00:00:00.000,April,2019,April 2019,Of the Seventy,3,2141,12:39,1,https://www.churchofjesuschrist.org/study/general-conference/2019/04/13hales,"The Father is aware of us, knows our needs, and will help us perfectly."
Seeking Knowledge by the Spirit,Mathias Held,saturday-afternoon,2019-04-06 00:00:00.000,April,2019,April 2019,Of the Seventy,2,1444,10:21,1,https://www.churchofjesuschrist.org/study/general-conference/2019/04/24held,We should learn to discern the truth not only through our rational minds but also through the very still and small voice of the Spirit.
Feasting upon the Words of Christ,Takashi Wada,saturday-afternoon,2019-04-06 00:00:00.000,April,2019,April 2019,Of the Seventy,4,1494,9:37,1,https://www.churchofjesuschrist.org/study/general-conference/2019/04/26wada,Feasting upon the words of Christ can happen at any time and on any occasion if we prepare our hearts.
Hearing His Voice,David P. Homer,saturday-afternoon,2019-04-06 00:00:00.000,April,2019,April 2019,Of the Seventy,5,1557,10:19,1,https://www.churchofjesuschrist.org/study/general-conference/2019/04/27homer,"In a world with so many competing voices, our Heavenly Father has made it possible for us to hear and follow His."
Exercising Our Spiritual Muscles,Juan Pablo Villar,sunday-afternoon,2019-04-07 00:00:00.000,April,2019,April 2019,Of the Seventy,2,1336,10:49,1,https://www.churchofjesuschrist.org/study/general-conference/2019/04/52villar,"Just as reading and learning about muscles is not enough to build muscle, reading and learning about faith without adding action is insufficient to build faith."
The Immediate Goodness of God,Kyle S. McKay,sunday-afternoon,2019-04-07 00:00:00.000,April,2019,April 2019,Of the Seventy,5,1323,11:39,1,https://www.churchofjesuschrist.org/study/general-conference/2019/04/55mckay,"Even while we are patiently waiting upon the Lord, there are certain blessings that come to us immediately."
Laying the Foundation of a Great Work,Steven R. Bangerter,saturday-morning,2018-10-06 00:00:00.000,October,2018,October 2018,Of the Seventy,4,1467,11:11,1,https://www.churchofjesuschrist.org/study/general-conference/2018/10/laying-the-foundation-of-a-great-work,"Lessons taught through the traditions we establish in our homes, though small and simple, are increasingly important in today’s world."
Divine Discontent,Michelle D. Craig,womens,2018-10-06 00:00:00.000,October,2018,October 2018,First Counselor in the Young Women General Presidency,2,1631,11:58,1,https://www.churchofjesuschrist.org/study/general-conference/2018/10/divine-discontent,"Divine discontent can move us to act in faith, follow the Savior’s invitations to do good, and give our lives humbly to Him."
The Joy of Unselfish Service,Cristina B. Franco,womens,2018-10-06 00:00:00.000,October,2018,October 2018,Second Counselor in the Primary General Presidency,3,1380,10:57,1,https://www.churchofjesuschrist.org/study/general-conference/2018/10/the-joy-of-unselfish-service,We have promised our Father in Heaven that we will serve Him and others with love and do His will in all things.
Wilt Thou Be Made Whole?,Matthew L. Carpenter,sunday-afternoon,2018-10-07 00:00:00.000,October,2018,October 2018,Of the Seventy,4,1639,10:58,1,https://www.churchofjesuschrist.org/study/general-conference/2018/10/wilt-thou-be-made-whole,"Because of the Atonement of Jesus Christ, if we choose to repent and turn our hearts fully to the Savior, He will heal us spiritually."
Now Is the Time,Jack N. Gerard,sunday-afternoon,2018-10-07 00:00:00.000,October,2018,October 2018,Of the Seventy,6,1412,,1,https://www.churchofjesuschrist.org/study/general-conference/2018/10/now-is-the-time,"If there is anything in your life you need to consider, now is the time."
Am I a Child of God?,Brian K. Taylor,saturday-morning,2018-04-07 00:00:00.000,April,2018,April 2018,Of the Seventy,3,1305,10:24,1,https://www.churchofjesuschrist.org/study/general-conference/2018/04/am-i-a-child-of-god,"How can each of us experience the power of understanding our divine identity? It begins by seeking to know God, our Father."
One More Day,Taylor G. Godoy,saturday-afternoon,2018-04-07 00:00:00.000,April,2018,April 2018,Of the Seventy,2,1521,10:43,1,https://www.churchofjesuschrist.org/study/general-conference/2018/04/one-more-day,"We all have a “today” to live, and the key to making our day successful is to be willing to sacrifice."
Saving Ordinances Will Bring Us Marvelous Light,Taniela B. Wakolo,saturday-afternoon,2018-04-07 00:00:00.000,April,2018,April 2018,Of the Seventy,4,1437,10:35,1,https://www.churchofjesuschrist.org/study/general-conference/2018/04/saving-ordinances-will-bring-us-marvelous-light,Participating in ordinances and honoring the associated covenants will bring you marvelous light and protection in this ever-darkening world.
What Every Aaronic Priesthood Holder Needs to Understand,Douglas D. Holmes,priesthood,2018-04-07 00:00:00.000,April,2018,April 2018,First Counselor in the Young Men General Presidency,1,1554,11:25,1,https://www.churchofjesuschrist.org/study/general-conference/2018/04/what-every-aaronic-priesthood-holder-needs-to-understand,Your Aaronic Priesthood ordination is central to helping God’s children receive Christ’s atoning power.
With One Accord,Reyna I. Aburto,sunday-morning,2018-04-08 00:00:00.000,April,2018,April 2018,Second Counselor in the Relief Society General Presidency,2,1371,10:20,1,https://www.churchofjesuschrist.org/study/general-conference/2018/04/with-one-accord,"In order to reach our sublime destiny, we need each other, and we need to be unified."
Pure Love: The True Sign of Every True Disciple of Jesus Christ,Massimo De Feo,sunday-morning,2018-04-08 00:00:00.000,April,2018,April 2018,Of the Seventy,3,1376,10:15,1,https://www.churchofjesuschrist.org/study/general-conference/2018/04/pure-love-the-true-sign-of-every-true-disciple-of-jesus-christ,The gospel of Jesus Christ is centered on the love of the Father and the Savior for us and our love for Them and for one another.
Turn On Your Light,Sharon Eubank,womens,2017-09-30 00:00:00.000,October,2017,October 2017,First Counselor in the Relief Society General Presidency,1,2174,13:39,1,https://www.churchofjesuschrist.org/study/general-conference/2017/10/turn-on-your-light,"The prophets are calling on us, my sisters. Will you be righteous? Will you articulate your faith? Will you turn on your light?"
“I Have a Work for Thee”,John C. Pingree Jr.,saturday-morning,2017-10-07 00:00:00.000,October,2017,October 2017,Of the Seventy,4,1771,10:25,1,https://www.churchofjesuschrist.org/study/general-conference/2017/10/i-have-a-work-for-thee,Every one of us has a meaningful role to play in furthering God’s work.
"Apart, but Still One",Joni L. Koch,sunday-afternoon,2017-10-08 00:00:00.000,October,2017,October 2017,Of the Seventy,3,1095,,1,https://www.churchofjesuschrist.org/study/general-conference/2017/10/apart-but-still-one,"In the Church, in spite of our differences, the Lord expects us to be one!"
Essential Truths—Our Need to Act,Adilson de Paula Parrella,sunday-afternoon,2017-10-08 00:00:00.000,October,2017,October 2017,Of the Seventy,5,1124,9:33,1,https://www.churchofjesuschrist.org/study/general-conference/2017/10/essential-truths-our-need-to-act,The First Vision and the Prophet Joseph Smith brought forth knowledge and truth that are essential to our happiness in this life and to our exaltation.
Trust in the Lord and Lean Not,Bonnie H. Cordon,womens,2017-03-25 00:00:00.000,April,2017,April 2017,Second Counselor in the Primary General Presidency,1,1582,11:47,1,https://www.churchofjesuschrist.org/study/general-conference/2017/04/trust-in-the-lord-and-lean-not,"We can center our lives on the Savior by coming to know Him, and He will direct our paths."
His Daily Guiding Hand,M. Joseph Brough,saturday-morning,2017-04-01 00:00:00.000,April,2017,April 2017,Second Counselor in the Young Men General Presidency,2,1680,10:45,1,https://www.churchofjesuschrist.org/study/general-conference/2017/04/his-daily-guiding-hand,Heavenly Father knows what you and I need better than anyone else.
Our Father’s Glorious Plan,Weatherford T. Clayton,saturday-morning,2017-04-01 00:00:00.000,April,2017,April 2017,Of the Seventy,3,1511,11:19,1,https://www.churchofjesuschrist.org/study/general-conference/2017/04/our-fathers-glorious-plan,"Because of God’s holy plan, we know that birth and death are actually just milestones on our journey to eternal life with our Heavenly Father."
Brighter and Brighter until the Perfect Day,Mark A. Bragg,saturday-morning,2017-04-01 00:00:00.000,April,2017,April 2017,Of the Seventy,6,1347,10:23,1,https://www.churchofjesuschrist.org/study/general-conference/2017/04/brighter-and-brighter-until-the-perfect-day,"Even in the most difficult and darkest of times, there is light and goodness all around us."
Stand Up Inside and Be All In,Gary B. Sabin,saturday-afternoon,2017-04-01 00:00:00.000,April,2017,April 2017,Of the Seventy,3,2055,11:59,1,https://www.churchofjesuschrist.org/study/general-conference/2017/04/stand-up-inside-and-be-all-in,May we recalculate our route if need be and look forward with great hope and faith. May we “stand up inside” by being valiant and “all in.”
The Language of the Gospel,Valeri V. Cordón,saturday-afternoon,2017-04-01 00:00:00.000,April,2017,April 2017,Of the Seventy,4,1528,12:28,1,https://www.churchofjesuschrist.org/study/general-conference/2017/04/the-language-of-the-gospel,"Powerful teaching is extremely important to preserve the gospel in our families, and it requires diligence and effort."
A Sin-Resistant Generation,Joy D. Jones,sunday-morning,2017-04-02 00:00:00.000,April,2017,April 2017,Primary General President,2,1480,11:23,1,https://www.churchofjesuschrist.org/study/general-conference/2017/04/a-sin-resistant-generation,"As you teach, lead, and love children, you can receive personal revelation that will aid you in creating and arming valiant, sin-resistant children."
To the Friends and Investigators of the Church,Joaquin E. Costa,sunday-afternoon,2017-04-02 00:00:00.000,April,2017,April 2017,Of the Seventy,2,1294,,1,https://www.churchofjesuschrist.org/study/general-conference/2017/04/to-the-friends-and-investigators-of-the-church,"If you pay the price of revelation, humble yourself, read, pray, and repent, the heavens will open and you will know that Jesus is the Christ."
Then Jesus Beholding Him Loved Him,S. Mark Palmer,sunday-afternoon,2017-04-02 00:00:00.000,April,2017,April 2017,Of the Seventy,3,1261,10:43,1,https://www.churchofjesuschrist.org/study/general-conference/2017/04/then-jesus-beholding-him-loved-him,"Anytime you feel you are being asked to do something hard, think of the Lord beholding you, loving you, and inviting you to follow Him."
I Will Bring the Light of the Gospel into My Home,Jean B. Bingham,womens,2016-09-24 00:00:00.000,October,2016,October 2016,First Counselor in the Primary General Presidency,1,1805,11:57,1,https://www.churchofjesuschrist.org/study/general-conference/2016/10/i-will-bring-the-light-of-the-gospel-into-my-home,"We can bring the light of the gospel into our homes, schools, and workplaces if we look for and share positive things about others."
For Our Spiritual Development and Learning,W. Mark Bassett,saturday-afternoon,2016-10-01 00:00:00.000,October,2016,October 2016,Of the Seventy,4,1613,11:48,1,https://www.churchofjesuschrist.org/study/general-conference/2016/10/for-our-spiritual-development-and-learning,The mysteries of God are unfolded unto us only according to His will and by the power of the Holy Ghost.
The Sacrament Can Help Us Become Holy,Peter F. Meurs,sunday-morning,2016-10-02 00:00:00.000,October,2016,October 2016,Of the Seventy,3,1300,9:55,1,https://www.churchofjesuschrist.org/study/general-conference/2016/10/the-sacrament-can-help-us-become-holy,Consider five ways to increase the impact and power of our regular participation in the sacred ordinance of the sacrament.
The Doctrine of Christ,Brian K. Ashton,sunday-afternoon,2016-10-02 00:00:00.000,October,2016,October 2016,Second Counselor in the Sunday School General Presidency,2,1768,,1,https://www.churchofjesuschrist.org/study/general-conference/2016/10/the-doctrine-of-christ,The doctrine of Christ allows us to access the spiritual power that will lift us from our current spiritual state to a state where we can become perfected.
God Shall Wipe Away All Tears,Evan A. Schmutz,sunday-afternoon,2016-10-02 00:00:00.000,October,2016,October 2016,Of the Seventy,5,1509,11:54,1,https://www.churchofjesuschrist.org/study/general-conference/2016/10/god-shall-wipe-away-all-tears,"As we exercise our faith in the Savior, He will lift us up and carry us through all of our trials and, ultimately, save us in the celestial kingdom."
No Greater Joy Than to Know That They Know,K. Brett Nattress,sunday-afternoon,2016-10-02 00:00:00.000,October,2016,October 2016,Of the Seventy,6,1363,10:38,1,https://www.churchofjesuschrist.org/study/general-conference/2016/10/no-greater-joy-than-to-know-that-they-know,I don’t know if anything in this world could bring more happiness and joy than to know that our children know the Savior.
A Child’s Guiding Gift,Mary R. Durham,saturday-morning,2016-04-02 00:00:00.000,April,2016,April 2016,Recently Released Second Counselor in the Primary General Presidency,2,1267,9:46,1,https://www.churchofjesuschrist.org/study/general-conference/2016/04/a-childs-guiding-gift,How do we teach our children to kick off worldly influences and trust the Spirit?
The Greatest Leaders Are the Greatest Followers,Stephen W. Owen,priesthood,2016-04-02 00:00:00.000,April,2016,April 2016,Young Men General President,2,1551,11:10,1,https://www.churchofjesuschrist.org/study/general-conference/2016/04/the-greatest-leaders-are-the-greatest-followers,"There will be times when the path ahead seems dark, but keep following the Savior. He knows the way; in fact, Heisthe way."
Tested and Tempted—but Helped,Hugo Montoya,saturday-afternoon,2015-10-03 00:00:00.000,October,2015,October 2015,Of the Seventy,4,1136,9:25,1,https://www.churchofjesuschrist.org/study/general-conference/2015/10/tested-and-tempted-but-helped,We can help each other as children of our Heavenly Father in our trials and temptations.
Choose the Light,Vern P. Stanfill,saturday-afternoon,2015-10-03 00:00:00.000,October,2015,October 2015,Of the Seventy,5,1521,9:52,1,https://www.churchofjesuschrist.org/study/general-conference/2015/10/choose-the-light,"We must choose to heed prophetic counsel, recognize and act upon spiritual promptings, be obedient to God’s commandments, and seek personal revelation."
Blessed and Happy Are Those Who Keep the Commandments of God,Von G. Keetch,sunday-afternoon,2015-10-04 00:00:00.000,October,2015,October 2015,Of the Seventy,3,1345,10:19,1,https://www.churchofjesuschrist.org/study/general-conference/2015/10/blessed-and-happy-are-those-who-keep-the-commandments-of-god,The barriers established by the Lord create for us a safe harbor from evil and destructive influences.
Remembering in Whom We Have Trusted,Allen D. Haynie,sunday-afternoon,2015-10-04 00:00:00.000,October,2015,October 2015,Of the Seventy,5,1620,10:25,1,https://www.churchofjesuschrist.org/study/general-conference/2015/10/remembering-in-whom-we-have-trusted,Our hope to live again with the Father depends on the Atonement of Jesus Christ.
Eyes to See and Ears to Hear,Kim B. Clark,sunday-afternoon,2015-10-04 00:00:00.000,October,2015,October 2015,Of the Seventy,6,1379,10:11,1,https://www.churchofjesuschrist.org/study/general-conference/2015/10/eyes-to-see-and-ears-to-hear,"If we will look to Christ and open our eyes and our ears, the Holy Ghost will bless us to see the Lord Jesus Christ working in our lives."
Rescue in Unity,Chi Hong (Sam) Wong,saturday-morning,2014-10-04 00:00:00.000,October,2014,October 2014,Of the Seventy,5,1131,10:38,1,https://www.churchofjesuschrist.org/study/general-conference/2014/10/rescue-in-unity,"In order to assist the Savior, we have to work together in unity and in harmony. Everyone, every position, and every calling is important."
Approaching the Throne of God with Confidence,Jörg Klebingat,saturday-afternoon,2014-10-04 00:00:00.000,October,2014,October 2014,Of the Seventy,4,1703,10:23,1,https://www.churchofjesuschrist.org/study/general-conference/2014/10/approaching-the-throne-of-god-with-confidence,"By applying the Atonement of Jesus Christ, you can begin increasing your spiritual confidence today if you are willing to listen and act."
Live according to the Words of the Prophets,Carol F. McConkie,sunday-morning,2014-10-05 00:00:00.000,October,2014,October 2014,First Counselor in the Young Women General Presidency,3,1466,10:41,1,https://www.churchofjesuschrist.org/study/general-conference/2014/10/live-according-to-the-words-of-the-prophets,"To be in harmony with heaven’s divine purposes, we sustain the prophet and choose to live according to his words."
Our Personal Ministries,Hugo E. Martinez,sunday-afternoon,2014-10-05 00:00:00.000,October,2014,October 2014,Of the Seventy,5,1325,10:23,1,https://www.churchofjesuschrist.org/study/general-conference/2014/10/our-personal-ministries,The love of Jesus Christ must be our guide if we are to become aware of the needs of those we can help in some way.
Trifle Not with Sacred Things,Larry S. Kacher,sunday-afternoon,2014-10-05 00:00:00.000,October,2014,October 2014,Of the Seventy,6,1644,10:43,1,https://www.churchofjesuschrist.org/study/general-conference/2014/10/trifle-not-with-sacred-things,"Examine your choices by asking yourself the question, “Are my decisions firmly planted in the rich soil of the gospel of Jesus Christ?”"
Sharing Your Light,Neill F. Marriott,womens,2014-09-27 00:00:00.000,October,2014,October 2014,Second Counselor in the Young Women General Presidency,3,1663,12:18,1,https://www.churchofjesuschrist.org/study/general-conference/2014/10/sharing-your-light,We must stand firm in our faith and lift our voices to proclaim true doctrine.
The Choice Generation,Randall L. Ridd,priesthood,2014-04-05 00:00:00.000,April,2014,April 2014,Second Counselor in the Young Men General Presidency,3,1380,11:24,1,https://www.churchofjesuschrist.org/study/general-conference/2014/04/the-choice-generation,You were chosen to participate in His work at this time because He trusts you to make the right choices.
Where Your Treasure Is,Michael John U. Teh,sunday-afternoon,2014-04-06 00:00:00.000,April,2014,April 2014,Of the Seventy,5,1349,9:27,1,https://www.churchofjesuschrist.org/study/general-conference/2014/04/where-your-treasure-is,"If we are not careful, we will begin to chase after the temporal more than the spiritual."
Look Ahead and Believe,Edward Dube,saturday-morning,2013-10-05 00:00:00.000,October,2013,October 2013,Of the Seventy,5,1427,10:31,1,https://www.churchofjesuschrist.org/study/general-conference/2013/10/look-ahead-and-believe,"In the sight of the Lord, it is not so much what we have done or where we have been but much more where we are willing to go."
Hastening the Lord’s Game Plan!,S. Gifford Nielsen,saturday-afternoon,2013-10-05 00:00:00.000,October,2013,October 2013,Of the Seventy,3,1476,,1,https://www.churchofjesuschrist.org/study/general-conference/2013/10/hastening-the-lords-game-plan,We each must develop and carry out our own personal game plan to serve with enthusiasm alongside the full-time missionaries.
Small and Simple Things,Arnulfo Valenzuela,saturday-afternoon,2013-10-05 00:00:00.000,October,2013,October 2013,Of the Seventy,4,1128,9:33,1,https://www.churchofjesuschrist.org/study/general-conference/2013/10/small-and-simple-things,Let us reach out to others with faith and with love.
Wilt Thou Be Made Whole?,Timothy J. Dyches,saturday-afternoon,2013-10-05 00:00:00.000,October,2013,October 2013,Of the Seventy,5,1462,9:36,1,https://www.churchofjesuschrist.org/study/general-conference/2013/10/wilt-thou-be-made-whole,"As we repent and become converted to the Lord, we become whole, and our guilt is swept away."
Called of Him to Declare His Word,Randy D. Funk,priesthood,2013-10-05 00:00:00.000,October,2013,October 2013,Of the Seventy,3,1583,12:58,1,https://www.churchofjesuschrist.org/study/general-conference/2013/10/called-of-him-to-declare-his-word,"If you are humble and obedient and hearken to the voice of the Spirit, you will find great happiness in your service as a missionary."
Be Ye Converted,Bonnie L. Oscarson,sunday-morning,2013-10-06 00:00:00.000,October,2013,October 2013,Young Women General President,3,1845,11:30,1,https://www.churchofjesuschrist.org/study/general-conference/2013/10/be-ye-converted,"True conversion occurs as you continue to act upon the doctrines you know are true and keep the commandments, day after day, month after month."
Continually Holding Fast,Kevin S. Hamilton,sunday-afternoon,2013-10-06 00:00:00.000,October,2013,October 2013,Of the Seventy,4,1561,10:11,1,https://www.churchofjesuschrist.org/study/general-conference/2013/10/continually-holding-fast,May we continually hold fast to the iron rod that leads to the presence of our Heavenly Father.
Drawing Closer to God,Terence M. Vinson,sunday-afternoon,2013-10-06 00:00:00.000,October,2013,October 2013,Of the Seventy,6,1510,10:18,1,https://www.churchofjesuschrist.org/study/general-conference/2013/10/drawing-closer-to-god,Our Savior wants us to really love Him to the point that we want to align our will with His.
A Sure Foundation,Dean M. Davies,saturday-morning,2013-04-06 00:00:00.000,April,2013,April 2013,Second Counselor in the Presiding Bishopric,3,1668,10:49,1,https://www.churchofjesuschrist.org/study/general-conference/2013/04/a-sure-foundation,Let us accept the Savior’s invitation to come unto Him. Let us build our lives upon a safe and a sure foundation.
"“Come unto Me, O Ye House of Israel”",Larry Echo Hawk,saturday-afternoon,2012-10-06 00:00:00.000,October,2012,October 2012,Of the Seventy,3,1261,10:33,1,https://www.churchofjesuschrist.org/study/general-conference/2012/10/come-unto-me-o-ye-house-of-israel,"As we come unto our Savior, Jesus Christ, and purify our hearts, we will all be instruments in fulfilling the mighty promises of the Book of Mormon."
What Shall a Man Give in Exchange for His Soul?,Robert C. Gay,saturday-afternoon,2012-10-06 00:00:00.000,October,2012,October 2012,Of the Seventy,4,1487,,1,https://www.churchofjesuschrist.org/study/general-conference/2012/10/what-shall-a-man-give-in-exchange-for-his-soul,"We are to give up all our sins, big or small, for the Father’s reward of eternal life."
Temple Standard,Scott D. Whiting,saturday-afternoon,2012-10-06 00:00:00.000,October,2012,October 2012,Of the Seventy,5,1409,9:13,1,https://www.churchofjesuschrist.org/study/general-conference/2012/10/temple-standard,The high standards of temple building employed by this Church are a type and even a symbol of how we should be living our own lives.
"First Observe, Then Serve",Linda K. Burton,sunday-morning,2012-10-07 00:00:00.000,October,2012,October 2012,Relief Society General President,3,1567,,1,https://www.churchofjesuschrist.org/study/general-conference/2012/10/first-observe-then-serve,"With practice, each of us can become more like the Savior as we serve God’s children."
Wide Awake to Our Duties,Carole M. Stephens,relief-society,2012-09-29 00:00:00.000,October,2012,October 2012,First Counselor in the Relief Society General Presidency,2,1748,12:53,1,https://www.churchofjesuschrist.org/study/general-conference/2012/10/wide-awake-to-our-duties,"We must be awake to our duty and continue with faith as we draw upon the comforting, strengthening, enabling, and healing power of the Atonement."
The Lord Has Not Forgotten You,Linda S. Reeves,relief-society,2012-09-29 00:00:00.000,October,2012,October 2012,Second Counselor in the Relief Society General Presidency,3,1403,12:23,1,https://www.churchofjesuschrist.org/study/general-conference/2012/10/the-lord-has-not-forgotten-you,"Our Heavenly Father and our Savior, Jesus Christ, know us and love us. … We can feel of Their love and compassion in our suffering."
Teaching Our Children to Understand,Cheryl A. Esplin,saturday-morning,2012-04-07 00:00:00.000,April,2012,April 2012,Second Counselor in the Primary General Presidency,3,1514,10:10,1,https://www.churchofjesuschrist.org/study/general-conference/2012/04/teaching-our-children-to-understand,Teaching our children to understand is more than just imparting information. It’s helping our children get the doctrine into their hearts.
Aaronic Priesthood: Arise and Use the Power of God,Adrián Ochoa,priesthood,2012-04-07 00:00:00.000,April,2012,April 2012,Second Counselor in the Young Men General Presidency,3,1584,11:46,1,https://www.churchofjesuschrist.org/study/general-conference/2012/04/aaronic-priesthood-arise-and-use-the-power-of-god,"The priesthood needs to be exercised to accomplish any good. You are called to “arise and shine forth,” not to hide your light in darkness."
Having the Vision to Do,O. Vincent Haleck,sunday-afternoon,2012-04-08 00:00:00.000,April,2012,April 2012,Of the Seventy,3,1504,,1,https://www.churchofjesuschrist.org/study/general-conference/2012/04/having-the-vision-to-do,"If we are to prosper rather than perish, we must gain a vision of ourselves as the Savior sees us."
Only upon the Principles of Righteousness,Larry Y. Wilson,sunday-afternoon,2012-04-08 00:00:00.000,April,2012,April 2012,Of the Seventy,4,1455,10:17,1,https://www.churchofjesuschrist.org/study/general-conference/2012/04/only-upon-the-principles-of-righteousness,Wise parents prepare their children to get along without them. They provide opportunities for growth as children acquire the spiritual maturity to exercise their agency properly.
"Doing the Right Thing at the Right Time, without Delay",Jose L. Alonso,saturday-morning,2011-10-01 00:00:00.000,October,2011,October 2011,Of the Seventy,5,1157,,1,https://www.churchofjesuschrist.org/study/general-conference/2011/10/doing-the-right-thing-at-the-right-time-without-delay,The Savior … gave us a great example about not waiting to administer relief to those who have lost a sense of happiness and joy.
A Time to Prepare,Ian S. Ardern,saturday-afternoon,2011-10-01 00:00:00.000,October,2011,October 2011,Of the Seventy,3,1213,10:42,1,https://www.churchofjesuschrist.org/study/general-conference/2011/10/a-time-to-prepare,We must devote our time to the things that matter most.
It Is Better to Look Up,Carl B. Cook,saturday-afternoon,2011-10-01 00:00:00.000,October,2011,October 2011,Of the Seventy,4,1261,8:39,1,https://www.churchofjesuschrist.org/study/general-conference/2011/10/it-is-better-to-look-up,"If we, like President Monson, exercise our faith and look to God for help, we will not be overwhelmed with the burdens of life."
Redemption,LeGrand R. Curtis Jr.,saturday-afternoon,2011-10-01 00:00:00.000,October,2011,October 2011,Of the Seventy,5,1495,,1,https://www.churchofjesuschrist.org/study/general-conference/2011/10/redemption,"Through Christ, people can and do change their lives and obtain redemption."
The Opportunity of a Lifetime,W. Christopher Waddell,priesthood,2011-10-01 00:00:00.000,October,2011,October 2011,Of the Seventy,3,1898,11:13,1,https://www.churchofjesuschrist.org/study/general-conference/2011/10/the-opportunity-of-a-lifetime,"Through your devoted service and willing sacrifice, your mission will become holy ground to you."
Teaching after the Manner of the Spirit,Matthew O. Richardson,sunday-afternoon,2011-10-02 00:00:00.000,October,2011,October 2011,Second Counselor in the Sunday School General Presidency,3,1434,10:31,1,https://www.churchofjesuschrist.org/study/general-conference/2011/10/teaching-after-the-manner-of-the-spirit,"While we are all teachers, we must fully realize that it is the Holy Ghost who is the real teacher and witness of all truth."
Missionaries Are a Treasure of the Church,Kazuhiko Yamashita,sunday-afternoon,2011-10-02 00:00:00.000,October,2011,October 2011,Of the Seventy,4,1118,9:37,1,https://www.churchofjesuschrist.org/study/general-conference/2011/10/missionaries-are-a-treasure-of-the-church,"I am thankful that missionaries are called by the Lord, that they respond to that call, and that they are serving throughout the world."
Choose Eternal Life,Randall K. Bennett,sunday-afternoon,2011-10-02 00:00:00.000,October,2011,October 2011,Of the Seventy,5,1282,,1,https://www.churchofjesuschrist.org/study/general-conference/2011/10/choose-eternal-life,Your eternal destiny will not be the result of chance but of choice. It is never too late to begin to choose eternal life!
The Privilege of Prayer,J. Devn Cornish,sunday-afternoon,2011-10-02 00:00:00.000,October,2011,October 2011,Of the Seventy,6,1849,,1,https://www.churchofjesuschrist.org/study/general-conference/2011/10/the-privilege-of-prayer,Prayer is one of the most precious gifts of God to man.
Become as a Little Child,Jean A. Stevens,saturday-morning,2011-04-02 00:00:00.000,April,2011,April 2011,First Counselor in the Primary General Presidency,3,1573,10:42,1,https://www.churchofjesuschrist.org/study/general-conference/2011/04/become-as-a-little-child,"If we have a heart to learn and a willingness to follow the example of children, their divine attributes can hold a key to unlocking our own spiritual growth."
The Atonement Covers All Pain,Kent F. Richards,saturday-morning,2011-04-02 00:00:00.000,April,2011,April 2011,Of the Seventy,5,1358,10:13,1,https://www.churchofjesuschrist.org/study/general-conference/2011/04/the-atonement-covers-all-pain,Our great personal challenge in mortality is to become “a saint through the atonement of Christ.”
Sacred Keys of the Aaronic Priesthood,Larry M. Gibson,priesthood,2011-04-02 00:00:00.000,April,2011,April 2011,First Counselor in the Young Men General Presidency,3,1668,,1,https://www.churchofjesuschrist.org/study/general-conference/2011/04/sacred-keys-of-the-aaronic-priesthood,The Lord wants every Aaronic Priesthood holder to invite all to come unto Christ—beginning with his own family.
Stay on the Path,Rosemary M. Wixom,saturday-morning,2010-10-02 00:00:00.000,October,2010,October 2010,Primary General President,3,1294,9:52,1,https://www.churchofjesuschrist.org/study/general-conference/2010/10/stay-on-the-path,"As we hold on to our children and follow the Savior’s lead, we will all return to our heavenly home and be safe in our Heavenly Father’s arms."
Gospel Learning and Teaching,David M. McConkie,saturday-morning,2010-10-02 00:00:00.000,October,2010,October 2010,First Counselor in the Sunday School General Presidency,5,1466,10:12,1,https://www.churchofjesuschrist.org/study/general-conference/2010/10/gospel-learning-and-teaching,What matters most is the attitude or spirit by which the teacher teaches.
Our Very Survival,Kevin R. Duncan,saturday-afternoon,2010-10-02 00:00:00.000,October,2010,October 2010,Of the Seventy,4,1340,,1,https://www.churchofjesuschrist.org/study/general-conference/2010/10/our-very-survival,May we have the wisdom to trust in and follow the counsel of the living prophets and apostles.
Temple Mirrors of Eternity: A Testimony of Family,Gerrit W. Gong,saturday-afternoon,2010-10-02 00:00:00.000,October,2010,October 2010,Of the Seventy,5,1104,,1,https://www.churchofjesuschrist.org/study/general-conference/2010/10/temple-mirrors-of-eternity-a-testimony-of-family,An eternal perspective of gospel conversion and temple covenants can help us see rich blessings in each generation of our forever families.
"“Come unto Me with Full Purpose of Heart, and I Shall Heal You”",Patrick Kearon,priesthood,2010-10-02 00:00:00.000,October,2010,October 2010,Of the Seventy,2,1605,,1,https://www.churchofjesuschrist.org/study/general-conference/2010/10/come-unto-me-with-full-purpose-of-heart-and-i-shall-heal-you,"Our Savior is the Prince of Peace, the Great Healer, the only One who can truly cleanse us from the sting of sin."
He Teaches Us to Put Off the Natural Man,Juan A. Uceda,priesthood,2010-10-02 00:00:00.000,October,2010,October 2010,Of the Seventy,3,1235,10:52,1,https://www.churchofjesuschrist.org/study/general-conference/2010/10/he-teaches-us-to-put-off-the-natural-man,"I bear witness of the reality and power of the Savior’s Atonement to cleanse, purify, and make us and our homes holy."
Courageous Parenting,Larry R. Lawrence,sunday-afternoon,2010-10-03 00:00:00.000,October,2010,October 2010,Of the Seventy,3,1579,10:38,1,https://www.churchofjesuschrist.org/study/general-conference/2010/10/courageous-parenting,What the world really needs is courageous parenting from mothers and fathers who are not afraid to speak up and take a stand.
Rest unto Your Souls,Per G. Malm,sunday-afternoon,2010-10-03 00:00:00.000,October,2010,October 2010,Of the Seventy,4,1282,10:12,1,https://www.churchofjesuschrist.org/study/general-conference/2010/10/rest-unto-your-souls,"To find rest unto our souls includes peace of mind and heart, which is the result of learning and following the doctrine of Christ."
Avoiding the Trap of Sin,Jairo Mazzagardi,sunday-afternoon,2010-10-03 00:00:00.000,October,2010,October 2010,Of the Seventy,5,1311,9:50,1,https://www.churchofjesuschrist.org/study/general-conference/2010/10/avoiding-the-trap-of-sin,Stay strong and make good choices that will allow you to eat the fruit of the tree of life.
The Rock of Our Redeemer,Wilford W. Andersen,saturday-morning,2010-04-03 00:00:00.000,April,2010,April 2010,Of the Seventy,5,1433,,1,https://www.churchofjesuschrist.org/study/general-conference/2010/04/the-rock-of-our-redeemer,I testify that those who keep His commandments will grow in faith and hope. They will be given strength to overcome all of life’s trials.
"Helping Hands, Saving Hands",Koichi Aoyagi,saturday-afternoon,2010-04-03 00:00:00.000,April,2010,April 2010,Of the Seventy,3,1112,9:14,1,https://www.churchofjesuschrist.org/study/general-conference/2010/04/helping-hands-saving-hands,May we follow the counsel and example of the prophet and each day seek out those in need.
When the Lord Commands,Bruce A. Carlson,saturday-afternoon,2010-04-03 00:00:00.000,April,2010,April 2010,Of the Seventy,4,1331,9:13,1,https://www.churchofjesuschrist.org/study/general-conference/2010/04/when-the-lord-commands,"Faithful obedience, regardless of the apparent size of the task, will bring the Lord’s guidance, assistance, and peace."
The Magnificent Aaronic Priesthood,David L. Beck,priesthood,2010-04-03 00:00:00.000,April,2010,April 2010,Young Men General President,3,1525,11:24,1,https://www.churchofjesuschrist.org/study/general-conference/2010/04/the-magnificent-aaronic-priesthood,There is an urgency for you to fulfill your duty to God. I am confident that you will.
Mother Told Me,Bradley D. Foster,sunday-afternoon,2010-04-04 00:00:00.000,April,2010,April 2010,Of the Seventy,3,1472,9:46,1,https://www.churchofjesuschrist.org/study/general-conference/2010/04/mother-told-me,Perhaps the reason we respond so universally to our mothers’ love is because it typifies the love of our Savior.
All Things Work Together for Good,James B. Martino,sunday-afternoon,2010-04-04 00:00:00.000,April,2010,April 2010,Of the Seventy,4,1452,10:23,1,https://www.churchofjesuschrist.org/study/general-conference/2010/04/all-things-work-together-for-good,"We may never know in this life why we face what we do, but we can feel confident that we can grow from the experience."
Developing Good Judgment and Not Judging Others,Gregory A. Schwitzer,sunday-afternoon,2010-04-04 00:00:00.000,April,2010,April 2010,Of the Seventy,5,1481,10:35,1,https://www.churchofjesuschrist.org/study/general-conference/2010/04/developing-good-judgment-and-not-judging-others,Good judgment is needed not only in understanding people but also in facing decisions that often lead us to or away from our Heavenly Father.
Becoming like Him,Scott D. Whiting,saturday-morning,2020-10-03 00:00:00.000,October,2020,October 2020,Of the Seventy,3,1512,10:21,2,https://www.churchofjesuschrist.org/study/general-conference/2020/10/13whiting,Only with the Savior’s divine help can we all progress toward becoming like Him.
The Exquisite Gift of the Son,Matthew S. Holland,saturday-afternoon,2020-10-03 00:00:00.000,October,2020,October 2020,Of the Seventy,5,1222,9:47,2,https://www.churchofjesuschrist.org/study/general-conference/2020/10/26holland,"Through Jesus Christ, we can escape the deserved agonies of our moral failings and overcome the undeserved agonies of our mortal misfortunes."
Keep the Change,Rebecca L. Craven,womens,2020-10-03 00:00:00.000,October,2020,October 2020,Second Counselor in the Young Women General Presidency,2,1279,9:38,2,https://www.churchofjesuschrist.org/study/general-conference/2020/10/32craven,"Through Jesus Christ, we are given the strength to make lasting changes. As we humbly turn to Him, He will increase our capacity to change."
"Peace, Be Still",Lisa L. Harkness,sunday-morning,2020-10-04 00:00:00.000,October,2020,October 2020,First Counselor in the Primary General Presidency,2,1411,,2,https://www.churchofjesuschrist.org/study/general-conference/2020/10/42harkness,The Savior teaches us how to feel peace and calm even when the winds blow fiercely around us and billowing waves threaten to sink our hopes.
Deep in Our Heart,Douglas D. Holmes,saturday-morning,2020-04-04 00:00:00.000,April,2020,April 2020,Recently Released First Counselor in the Young Men General Presidency,6,1489,11:33,2,https://www.churchofjesuschrist.org/study/general-conference/2020/04/16holmes,The Lord is trying to help us—all of us—get His gospel deeper in our hearts.
True Disciples of the Savior,Terence M. Vinson,saturday-morning,2019-10-05 00:00:00.000,October,2019,October 2019,Of the Presidency of the Seventy,2,1672,10:55,2,https://www.churchofjesuschrist.org/study/general-conference/2019/10/12vinson,We can feel enduring joy when our Savior and His gospel become the framework around which we build our lives.
Spiritual Capacity,Michelle D. Craig,saturday-morning,2019-10-05 00:00:00.000,October,2019,October 2019,First Counselor in the Young Women General Presidency,5,1438,10:29,2,https://www.churchofjesuschrist.org/study/general-conference/2019/10/15craig,"As Jesus Christ’s faithful disciple, you can receive personal inspiration and revelation, consistent with His commandments, that is tailored to you."
"Thru Cloud and Sunshine, Lord, Abide with Me!",Reyna I. Aburto,womens,2019-10-05 00:00:00.000,October,2019,October 2019,Second Counselor in the Relief Society General Presidency,1,1393,11:33,2,https://www.churchofjesuschrist.org/study/general-conference/2019/10/31aburto,"I testify that “thru cloud and sunshine” the Lord will abide with us, that our “afflictions [can be] swallowed up in the joy of Christ.”"
Finding Joy in Sharing the Gospel,Cristina B. Franco,sunday-morning,2019-10-06 00:00:00.000,October,2019,October 2019,Second Counselor in the Primary General Presidency,2,1517,11:15,2,https://www.churchofjesuschrist.org/study/general-conference/2019/10/42franco,"We have a loving Father in Heaven, who is waiting for us to turn to Him to bless our lives and the lives of those around us."
Look unto Jesus Christ,Kim B. Clark,priesthood,2019-04-06 00:00:00.000,April,2019,April 2019,Of the Seventy,3,1372,10:55,2,https://www.churchofjesuschrist.org/study/general-conference/2019/04/33clark,"If we look to Jesus Christ, He will help us live our covenants and magnify our calling as elders in Israel."
Christ: The Light That Shines in Darkness,Sharon Eubank,sunday-morning,2019-04-07 00:00:00.000,April,2019,April 2019,First Counselor in the Relief Society General Presidency,2,1652,11:29,2,https://www.churchofjesuschrist.org/study/general-conference/2019/04/42eubank,"If you feel that the beacon of your testimony is sputtering and darkness is closing in, take courage. Keep your promises to God."
Lift Up Your Head and Rejoice,M. Joseph Brough,saturday-morning,2018-10-06 00:00:00.000,October,2018,October 2018,Second Counselor in the Young Men General Presidency,3,1616,9:52,2,https://www.churchofjesuschrist.org/study/general-conference/2018/10/lift-up-your-head-and-rejoice,"As we face hard things in the Lord’s way, may we lift up our heads and rejoice."
Becoming a Shepherd,Bonnie H. Cordon,sunday-morning,2018-10-07 00:00:00.000,October,2018,October 2018,Young Women General President,2,1611,12:29,2,https://www.churchofjesuschrist.org/study/general-conference/2018/10/becoming-a-shepherd,"I hope those to whom you minister will see you as a friend and realize that, in you, they have a champion and a confidant."
The Father,Brian K. Ashton,sunday-afternoon,2018-10-07 00:00:00.000,October,2018,October 2018,Second Counselor in the Sunday School General Presidency,2,1445,10:18,2,https://www.churchofjesuschrist.org/study/general-conference/2018/10/the-father,"Each of us has the potential to become like the Father. To do so, we must worship the Father in the name of the Son."
Taking upon Ourselves the Name of Jesus Christ,Robert C. Gay,sunday-afternoon,2018-10-07 00:00:00.000,October,2018,October 2018,Of the Presidency of the Seventy,3,1568,10:25,2,https://www.churchofjesuschrist.org/study/general-conference/2018/10/taking-upon-ourselves-the-name-of-jesus-christ,"May we faithfully take upon ourselves the name of Jesus Christ—by seeing as He sees, by serving as He served, and by trusting that His grace is sufficient."
"Even as Christ Forgives You, So Also Do Ye",Larry J. Echo Hawk,saturday-morning,2018-04-07 00:00:00.000,April,2018,April 2018,Of the Seventy,4,1173,11:11,2,https://www.churchofjesuschrist.org/study/general-conference/2018/04/even-as-christ-forgives-you-so-also-do-ye,We can all receive unspeakable peace and partnering with our Savior as we learn to freely forgive those who have trespassed against us.
Take the Holy Spirit as Your Guide,Larry Y. Wilson,sunday-morning,2018-04-08 00:00:00.000,April,2018,April 2018,Of the Seventy,1,1553,11:11,2,https://www.churchofjesuschrist.org/study/general-conference/2018/04/take-the-holy-spirit-as-your-guide,What an incomparable gift comes to those who put their faith in Jesus Christ. That gift is the Holy Spirit.
Value beyond Measure,Joy D. Jones,womens,2017-09-30 00:00:00.000,October,2017,October 2017,Primary General President,3,1548,,2,https://www.churchofjesuschrist.org/study/general-conference/2017/10/value-beyond-measure,We can frequently savor the sweet whisperings of the Holy Ghost verifying the truth of our spiritual worth.
Repentance Is Always Positive,Stephen W. Owen,saturday-afternoon,2017-10-07 00:00:00.000,October,2017,October 2017,Young Men General President,2,1470,,2,https://www.churchofjesuschrist.org/study/general-conference/2017/10/repentance-is-always-positive,"The moment we set foot on the path of repentance, we invite the Savior’s redeeming power into our lives."
The Heart of the Widow,O. Vincent Haleck,saturday-afternoon,2017-10-07 00:00:00.000,October,2017,October 2017,Of the Seventy,5,1530,10:13,2,https://www.churchofjesuschrist.org/study/general-conference/2017/10/the-heart-of-the-widow,"Let us do that which is necessary to have the widow’s heart, truly rejoicing in the blessings that will fill the “want” that results."
That Your Joy Might Be Full,Jean B. Bingham,sunday-morning,2017-10-08 00:00:00.000,October,2017,October 2017,Relief Society General President,1,1636,11:23,2,https://www.churchofjesuschrist.org/study/general-conference/2017/10/that-your-joy-might-be-full,"Jesus Christ is the source of all healing, peace, and eternal progress."
Seek Ye Out of the Best Books,Ian S. Ardern,sunday-afternoon,2017-10-08 00:00:00.000,October,2017,October 2017,Of the Seventy,6,1455,10:17,2,https://www.churchofjesuschrist.org/study/general-conference/2017/10/seek-ye-out-of-the-best-books,"As we study from the best books, we protect ourselves against the menacing jaws of those that seek to gnaw at our spiritual roots."
Love One Another as He Has Loved Us,Jose L. Alonso,sunday-afternoon,2017-10-08 00:00:00.000,October,2017,October 2017,Of the Seventy,7,1249,9:43,2,https://www.churchofjesuschrist.org/study/general-conference/2017/10/love-one-another-as-he-has-loved-us,"By serving and forgiving others with real love, we can be healed and receive the strength to overcome our own challenges."
"Don’t Look Around, Look Up!",Yoon Hwan Choi,sunday-morning,2017-04-02 00:00:00.000,April,2017,April 2017,Of the Seventy,3,1455,11:31,2,https://www.churchofjesuschrist.org/study/general-conference/2017/04/dont-look-around-look-up,"Inviting others to come unto Christ is our purpose, and we can fulfill this purpose by looking up to Jesus Christ."
The Lord Jesus Christ Teaches Us to Pray,Juan A. Uceda,saturday-morning,2016-10-01 00:00:00.000,October,2016,October 2016,Of the Seventy,5,1312,10:11,2,https://www.churchofjesuschrist.org/study/general-conference/2016/10/the-lord-jesus-christ-teaches-us-to-pray,"When you pray, are you really praying or just saying prayers?"
Am I Good Enough? Will I Make It?,J. Devn Cornish,saturday-morning,2016-10-01 00:00:00.000,October,2016,October 2016,Of the Seventy,6,1562,9:51,2,https://www.churchofjesuschrist.org/study/general-conference/2016/10/am-i-good-enough-will-i-make-it,If you will really try and will not rationalize or rebel—repenting often and pleading for grace—you positively are going to be “good enough.”
Be Ambitious for Christ,Kazuhiko Yamashita,saturday-afternoon,2016-10-01 00:00:00.000,October,2016,October 2016,Of the Seventy,5,1269,11:14,2,https://www.churchofjesuschrist.org/study/general-conference/2016/10/be-ambitious-for-christ,"We are ambitious for Christ when we serve faithfully, accept humbly, endure nobly, pray fervently, and partake worthily."
There Is Power in the Book,LeGrand R. Curtis Jr.,priesthood,2016-10-01 00:00:00.000,October,2016,October 2016,Of the Seventy,2,1921,,2,https://www.churchofjesuschrist.org/study/general-conference/2016/10/there-is-power-in-the-book,The greatest power of the Book of Mormon is its impact in bringing us closer to Jesus Christ.
Serve,Carl B. Cook,sunday-afternoon,2016-10-02 00:00:00.000,October,2016,October 2016,Of the Seventy,3,1493,10:59,2,https://www.churchofjesuschrist.org/study/general-conference/2016/10/serve,"Every member is needed, and every member needs an opportunity to serve."
The Healing Ointment of Forgiveness,Kevin R. Duncan,saturday-morning,2016-04-02 00:00:00.000,April,2016,April 2016,Of the Seventy,5,1457,9:52,2,https://www.churchofjesuschrist.org/study/general-conference/2016/04/the-healing-ointment-of-forgiveness,"Forgiveness is a glorious, healing principle. We do not need to be a victim twice. We can forgive."
The Sacred Place of Restoration,Jairo Mazzagardi,saturday-afternoon,2016-04-02 00:00:00.000,April,2016,April 2016,Of the Seventy,4,1412,,2,https://www.churchofjesuschrist.org/study/general-conference/2016/04/the-sacred-place-of-restoration,"Palmyra was the stage of the Restoration, where the Father’s voice would be heard after nearly two millennia."
A Pattern for Peace,W. Christopher Waddell,sunday-morning,2016-04-03 00:00:00.000,April,2016,April 2016,Second Counselor in the Presiding Bishopric,3,2038,12:56,2,https://www.churchofjesuschrist.org/study/general-conference/2016/04/a-pattern-for-peace,"The peace we all seek requires us to act—by learning of Jesus Christ, by listening to His words, and by walking with Him."
Always Remember Him,Gerrit W. Gong,sunday-afternoon,2016-04-03 00:00:00.000,April,2016,April 2016,Of the Presidency of the Seventy,2,1639,,2,https://www.churchofjesuschrist.org/study/general-conference/2016/04/always-remember-him,"I humbly testify and pray that we will always remember Him—in all times, all things, and all places we may be in."
Refuge from the Storm,Patrick Kearon,sunday-afternoon,2016-04-03 00:00:00.000,April,2016,April 2016,Of the Seventy,3,1634,12:42,2,https://www.churchofjesuschrist.org/study/general-conference/2016/04/refuge-from-the-storm,"This moment does not define the refugees, but our response will help define us."
The Power of Godliness,Kent F. Richards,sunday-afternoon,2016-04-03 00:00:00.000,April,2016,April 2016,Of the Seventy,5,1531,10:38,2,https://www.churchofjesuschrist.org/study/general-conference/2016/04/the-power-of-godliness,"Each temple is God’s holy, sacred house, and therein each of us may learn and know the powers of godliness."
Here to Serve a Righteous Cause,Carol F. McConkie,womens,2015-09-26 00:00:00.000,October,2015,October 2015,First Counselor in the Young Women General Presidency,3,1514,11:26,2,https://www.churchofjesuschrist.org/study/general-conference/2015/10/here-to-serve-a-righteous-cause,May we choose to serve a righteous cause as valiant emissaries of our Lord Jesus Christ.
Yielding Our Hearts to God,Neill F. Marriott,saturday-morning,2015-10-03 00:00:00.000,October,2015,October 2015,Second Counselor in the Young Women General Presidency,4,1230,9:39,2,https://www.churchofjesuschrist.org/study/general-conference/2015/10/yielding-our-hearts-to-god,"When we open ourselves to the Spirit, we learn God’s way and feel His will."
What Lack I Yet?,Larry R. Lawrence,saturday-morning,2015-10-03 00:00:00.000,October,2015,October 2015,Of the Seventy,5,1564,10:25,2,https://www.churchofjesuschrist.org/study/general-conference/2015/10/what-lack-i-yet,"If we are humble and teachable, the Holy Ghost will prompt us to improve and lead us home, but we need to ask the Lord for directions along the way."
It’s Never Too Early and It’s Never Too Late,Bradley D. Foster,saturday-afternoon,2015-10-03 00:00:00.000,October,2015,October 2015,Of the Seventy,3,1615,10:20,2,https://www.churchofjesuschrist.org/study/general-conference/2015/10/its-never-too-early-and-its-never-too-late,"It’s never too early and it’s never too late to lead, guide, and walk beside our children, because families are forever."
Turn to Him and Answers Will Come,James B. Martino,saturday-afternoon,2015-10-03 00:00:00.000,October,2015,October 2015,Of the Seventy,6,1500,10:28,2,https://www.churchofjesuschrist.org/study/general-conference/2015/10/turn-to-him-and-answers-will-come,"Be obedient, remember the times when you have felt the Spirit in the past, and ask in faith. Your answer will come."
Your Next Step,Randall K. Bennett,priesthood,2015-10-03 00:00:00.000,October,2015,October 2015,Of the Seventy,2,1257,9:51,2,https://www.churchofjesuschrist.org/study/general-conference/2015/10/your-next-step,"Your loving Heavenly Father and His Son, Jesus Christ, invite you to take your next step toward Them. Don’t wait. Take it now."
Let the Clarion Trumpet Sound,Gregory A. Schwitzer,sunday-morning,2015-10-04 00:00:00.000,October,2015,October 2015,Of the Seventy,6,1401,9:60,2,https://www.churchofjesuschrist.org/study/general-conference/2015/10/let-the-clarion-trumpet-sound,The world needs disciples of Christ who can communicate the gospel message with clarity and from the heart.
My Heart Pondereth Them Continually,Devin G. Durrant,sunday-afternoon,2015-10-04 00:00:00.000,October,2015,October 2015,First Counselor in the Sunday School General Presidency,2,1786,10:10,2,https://www.churchofjesuschrist.org/study/general-conference/2015/10/my-heart-pondereth-them-continually,I sincerely pray you will choose to ponder God’s words in an extended and deeper manner.
Hold on Thy Way,Koichi Aoyagi,sunday-afternoon,2015-10-04 00:00:00.000,October,2015,October 2015,Emeritus Member of the Seventy,7,1257,10:44,2,https://www.churchofjesuschrist.org/study/general-conference/2015/10/hold-on-thy-way,"Put God first, regardless of the trials you face. Love God. Have faith in Christ, and entrust yourself to Him in all things."
The Music of the Gospel,Wilford W. Andersen,saturday-afternoon,2015-04-04 00:00:00.000,April,2015,April 2015,Of the Seventy,3,1414,10:26,2,https://www.churchofjesuschrist.org/study/general-conference/2015/04/the-music-of-the-gospel,The music of the gospel is the joyful spiritual feeling that comes from the Holy Ghost. It brings a change of heart.
Latter-day Saints Keep on Trying,Dale G. Renlund,saturday-afternoon,2015-04-04 00:00:00.000,April,2015,April 2015,Of the Seventy,4,1225,10:29,2,https://www.churchofjesuschrist.org/study/general-conference/2015/04/latter-day-saints-keep-on-trying,"As we try, persevere, and help others to do the same, we are true Latter-day Saints."
Truly Good and without Guile,Michael T. Ringwood,saturday-afternoon,2015-04-04 00:00:00.000,April,2015,April 2015,Of the Seventy,5,1739,10:26,2,https://www.churchofjesuschrist.org/study/general-conference/2015/04/truly-good-and-without-guile,The good news of the gospel of Jesus Christ is that the desires of our hearts can be transformed and our motives can be educated and refined.
Fatherhood—Our Eternal Destiny,Larry M. Gibson,priesthood,2015-04-04 00:00:00.000,April,2015,April 2015,Recently Released First Counselor in the Young Men General Presidency,3,1551,10:29,2,https://www.churchofjesuschrist.org/study/general-conference/2015/04/fatherhood-our-eternal-destiny,May we each enjoy the fulness of Father’s blessings in this life and the fulfillment ofHis workandHis gloryby becoming fathers to our families for eternity.
Seeking the Lord,José A. Teixeira,sunday-morning,2015-04-05 00:00:00.000,April,2015,April 2015,Of the Seventy,3,1175,9:43,2,https://www.churchofjesuschrist.org/study/general-conference/2015/04/seeking-the-lord,"As we deepen our understanding of the Savior, we will have an increased desire to live joyfully and a conviction that joy is possible."
Waiting for the Prodigal,Brent H. Nielson,sunday-morning,2015-04-05 00:00:00.000,April,2015,April 2015,Of the Seventy,5,1680,10:24,2,https://www.churchofjesuschrist.org/study/general-conference/2015/04/waiting-for-the-prodigal,May you and I receive the revelation to know how to best approach those in our lives who are lost.
Stay by the Tree,Kevin W. Pearson,sunday-afternoon,2015-04-05 00:00:00.000,April,2015,April 2015,Of the Seventy,2,1346,10:20,2,https://www.churchofjesuschrist.org/study/general-conference/2015/04/stay-by-the-tree,Lehi’s vision of the tree of life is a powerful parable on enduring to the end.
The Eternal Perspective of the Gospel,Rafael E. Pino,sunday-afternoon,2015-04-05 00:00:00.000,April,2015,April 2015,Of the Seventy,3,1354,10:45,2,https://www.churchofjesuschrist.org/study/general-conference/2015/04/the-eternal-perspective-of-the-gospel,"For decisions that affect eternity, having a gospel perspective is essential."
If You Will Be Responsible,Jorge F. Zeballos,sunday-afternoon,2015-04-05 00:00:00.000,April,2015,April 2015,Of the Seventy,5,1671,10:37,2,https://www.churchofjesuschrist.org/study/general-conference/2015/04/if-you-will-be-responsible,"Let us press forward by learning our duty, making correct decisions, acting according to those decisions, and accepting the will of our Father."
"Be Fruitful, Multiply, and Subdue the Earth",Joseph W. Sitati,sunday-afternoon,2015-04-05 00:00:00.000,April,2015,April 2015,Of the Seventy,6,1495,10:20,2,https://www.churchofjesuschrist.org/study/general-conference/2015/04/be-fruitful-multiply-and-subdue-the-earth,"Heavenly Father has charged and blessed us to be fruitful, to multiply, and to subdue the earth that we might become like Him."
The Sacrament—a Renewal for the Soul,Cheryl A. Esplin,saturday-morning,2014-10-04 00:00:00.000,October,2014,October 2014,Second Counselor in the Primary General Presidency,4,1322,10:39,2,https://www.churchofjesuschrist.org/study/general-conference/2014/10/the-sacrament-a-renewal-for-the-soul,The Spirit heals and renews our souls. The promised blessing of the sacrament is that we will “always have his Spirit to be with [us].”
"Yes, Lord, I Will Follow Thee",Eduardo Gavarret,saturday-afternoon,2014-10-04 00:00:00.000,October,2014,October 2014,Of the Seventy,5,1462,10:59,2,https://www.churchofjesuschrist.org/study/general-conference/2014/10/yes-lord-i-will-follow-thee,"The Lord invites us using various verbs: “Come unto me,” “Follow me,” “Walk with me.” In each case it is an invitation to act."
The Law of the Fast: A Personal Responsibility to Care for the Poor and Needy,Dean M. Davies,priesthood,2014-10-04 00:00:00.000,October,2014,October 2014,Second Counselor in the Presiding Bishopric,3,1651,11:33,2,https://www.churchofjesuschrist.org/study/general-conference/2014/10/the-law-of-the-fast-a-personal-responsibility-to-care-for-the-poor-and-needy,"As followers of the Savior, we have a personal responsibility to care for the poor and needy."
The Sacrament and the Atonement,James J. Hamula,sunday-morning,2014-10-05 00:00:00.000,October,2014,October 2014,Of the Seventy,5,1522,,2,https://www.churchofjesuschrist.org/study/general-conference/2014/10/the-sacrament-and-the-atonement,The ordinance of the sacrament needs to become more holy and sacred to each of us.
The Lord Has a Plan for Us!,Carlos A. Godoy,sunday-afternoon,2014-10-05 00:00:00.000,October,2014,October 2014,Of the Seventy,3,1619,11:16,2,https://www.churchofjesuschrist.org/study/general-conference/2014/10/the-lord-has-a-plan-for-us,"If we continue to live as we are living, will the promised blessings be fulfilled?"
The Book,Allan F. Packer,sunday-afternoon,2014-10-05 00:00:00.000,October,2014,October 2014,Of the Seventy,4,1388,11:37,2,https://www.churchofjesuschrist.org/study/general-conference/2014/10/the-book,Family history and temple work should be a regular part of our personal worship.
Let’s Not Take the Wrong Way,Claudio D. Zivic,saturday-afternoon,2014-04-05 00:00:00.000,April,2014,April 2014,Of the Seventy,4,1158,9:17,2,https://www.churchofjesuschrist.org/study/general-conference/2014/04/lets-not-take-the-wrong-way,I pray that we will not lose sight of the way so that we may always be connected with the heavens.
“Fear Not; I Am with Thee”,Jean A. Stevens,sunday-morning,2014-04-06 00:00:00.000,April,2014,April 2014,First Counselor in the Primary General Presidency,3,1610,,2,https://www.churchofjesuschrist.org/study/general-conference/2014/04/fear-not-i-am-with-thee,"As we develop greater faith and trust in the Lord, we can access His power to bless and deliver us."
The Prophet Joseph Smith,Lawrence E. Corbridge,sunday-afternoon,2014-04-06 00:00:00.000,April,2014,April 2014,Of the Seventy,4,1332,10:44,2,https://www.churchofjesuschrist.org/study/general-conference/2014/04/the-prophet-joseph-smith,The revelations poured out upon Joseph Smith affirm that he was a prophet of God.
If Ye Lack Wisdom,Marcos A. Aidukaitis,sunday-afternoon,2014-04-06 00:00:00.000,April,2014,April 2014,Of the Seventy,6,1444,10:11,2,https://www.churchofjesuschrist.org/study/general-conference/2014/04/if-ye-lack-wisdom,God will reveal truth to those who seek for it as prescribed in the scriptures.
"Sisterhood: Oh, How We Need Each Other",Bonnie L. Oscarson,womens,2014-03-29 00:00:00.000,April,2014,April 2014,Young Women General President,2,1753,11:19,2,https://www.churchofjesuschrist.org/study/general-conference/2014/04/sisterhood-oh-how-we-need-each-other,We must stop concentrating on our differences and look for what we have in common.
Do We Know What We Have?,Carole M. Stephens,saturday-morning,2013-10-05 00:00:00.000,October,2013,October 2013,First Counselor in the Relief Society General Presidency,4,1569,11:33,2,https://www.churchofjesuschrist.org/study/general-conference/2013/10/do-we-know-what-we-have,"Priesthood ordinances and covenants provide access to the fulness of the blessings promised to us by God, which are made possible by the Savior’s Atonement."
Ye Are No More Strangers,Gérald Caussé,priesthood,2013-10-05 00:00:00.000,October,2013,October 2013,First Counselor in the Presiding Bishopric,2,1679,,2,https://www.churchofjesuschrist.org/study/general-conference/2013/10/ye-are-no-more-strangers,In this Church there are no strangers and no outcasts. There are only brothers and sisters.
Teaching with the Power and Authority of God,David M. McConkie,sunday-afternoon,2013-10-06 00:00:00.000,October,2013,October 2013,First Counselor in the Sunday School General Presidency,3,1431,10:43,2,https://www.churchofjesuschrist.org/study/general-conference/2013/10/teaching-with-the-power-and-authority-of-god,The Lord has provided the way for every worthy Latter-day Saint to teach in the Savior’s way.
Look Up,Adrián Ochoa,sunday-afternoon,2013-10-06 00:00:00.000,October,2013,October 2013,Of the Seventy,5,1377,10:24,2,https://www.churchofjesuschrist.org/study/general-conference/2013/10/look-up,Today is the time to look to the Source of truth and ensure that our testimonies are strong.
Claim the Blessings of Your Covenants,Linda S. Reeves,relief-society,2013-09-28 00:00:00.000,October,2013,October 2013,Second Counselor in the Relief Society General Presidency,3,1565,,2,https://www.churchofjesuschrist.org/study/general-conference/2013/10/claim-the-blessings-of-your-covenants,"As we renew and honor our covenants, our burdens can be lightened and we can continually become purified and strengthened."
The Savior Wants to Forgive,Craig A. Cardon,saturday-morning,2013-04-06 00:00:00.000,April,2013,April 2013,Of the Seventy,5,1533,11:14,2,https://www.churchofjesuschrist.org/study/general-conference/2013/04/the-savior-wants-to-forgive,The Lord loves us and wants us to understand His willingness to forgive.
The Lord’s Way,Stanley G. Ellis,saturday-afternoon,2013-04-06 00:00:00.000,April,2013,April 2013,Of the Seventy,3,1429,9:36,2,https://www.churchofjesuschrist.org/study/general-conference/2013/04/the-lords-way,"The Lord’s way is that we hearken to our leaders’ teachings, understand correct principles, and govern ourselves."
Your Sacred Duty to Minister,David L. Beck,priesthood,2013-04-06 00:00:00.000,April,2013,April 2013,Young Men General President,3,1469,10:25,2,https://www.churchofjesuschrist.org/study/general-conference/2013/04/your-sacred-duty-to-minister,"You received the power, the authority, and the sacred duty to minister the moment you were ordained to the priesthood."
The Words We Speak,Rosemary M. Wixom,sunday-morning,2013-04-07 00:00:00.000,April,2013,April 2013,Primary General President,3,1342,10:24,2,https://www.churchofjesuschrist.org/study/general-conference/2013/04/the-words-we-speak,How we speak to our children and the words we use can encourage and uplift them and strengthen their faith.
The Home: The School of Life,Enrique R. Falabella,sunday-afternoon,2013-04-07 00:00:00.000,April,2013,April 2013,Of the Seventy,4,1379,10:52,2,https://www.churchofjesuschrist.org/study/general-conference/2013/04/the-home-the-school-of-life,Lessons are learned in a home—the place that can become a piece of heaven here on earth.
Being Accepted of the Lord,Erich W. Kopischke,sunday-afternoon,2013-04-07 00:00:00.000,April,2013,April 2013,Of the Seventy,5,1468,11:11,2,https://www.churchofjesuschrist.org/study/general-conference/2013/04/being-accepted-of-the-lord,Seeking and receiving the acceptance of the Lord will lead to the knowledge that we are chosen and blessed by Him.
"“Because I Live, Ye Shall Live Also”",Shayne M. Bowen,saturday-morning,2012-10-06 00:00:00.000,October,2012,October 2012,Of the Seventy,5,1864,11:26,2,https://www.churchofjesuschrist.org/study/general-conference/2012/10/because-i-live-ye-shall-live-also,"Because of Him, even our Savior, Jesus Christ, those feelings of sorrow, loneliness, and despair will one day be swallowed up in a fulness of joy."
"Be Valiant in Courage, Strength, and Activity",Gary E. Stevenson,priesthood,2012-10-06 00:00:00.000,October,2012,October 2012,Presiding Bishop,2,1529,10:35,2,https://www.churchofjesuschrist.org/study/general-conference/2012/10/be-valiant-in-courage-strength-and-activity,"Qualify yourselves as did the 2,000 stripling soldiers by being valiant in courage as worthy priesthood holders."
Beware Concerning Yourselves,Anthony D. Perkins,priesthood,2012-10-06 00:00:00.000,October,2012,October 2012,Of the Seventy,3,1458,11:16,2,https://www.churchofjesuschrist.org/study/general-conference/2012/10/beware-concerning-yourselves,Stay on the priesthood path by deepening your conversion and strengthening your family. … Avoid tragedy by heeding spiritual “Beware” signs placed along our way by God and prophets.
One Step Closer to the Savior,Russell T. Osguthorpe,sunday-afternoon,2012-10-07 00:00:00.000,October,2012,October 2012,Sunday School General President,3,1597,,2,https://www.churchofjesuschrist.org/study/general-conference/2012/10/one-step-closer-to-the-savior,Conversion is the goal of all gospel learning and teaching. Conversion is not a onetime event. It is a lifelong quest to become more like the Savior.
By Faith All Things Are Fulfilled,Marcus B. Nash,sunday-afternoon,2012-10-07 00:00:00.000,October,2012,October 2012,Of the Seventy,4,1371,10:59,2,https://www.churchofjesuschrist.org/study/general-conference/2012/10/by-faith-all-things-are-fulfilled,"Faith will help us to safely climb the gospel path, overcome every challenge of mortality, and return to the majestic presence of our Heavenly Father."
Becoming a True Disciple,Daniel L. Johnson,sunday-afternoon,2012-10-07 00:00:00.000,October,2012,October 2012,Of the Seventy,5,1501,10:20,2,https://www.churchofjesuschrist.org/study/general-conference/2012/10/becoming-a-true-disciple,"As we obey His commandments and serve our fellowmen, we become better disciples of Jesus Christ."
Blessings of the Sacrament,Don R. Clarke,sunday-afternoon,2012-10-07 00:00:00.000,October,2012,October 2012,Of the Seventy,6,1445,9:53,2,https://www.churchofjesuschrist.org/study/general-conference/2012/10/blessings-of-the-sacrament,"We will be blessed as we feel gratitude for the Atonement of Jesus Christ, renew our baptismal covenants, feel forgiveness, and receive inspiration from the Holy Ghost."
Is Faith in the Atonement of Jesus Christ Written in Our Hearts?,Linda K. Burton,relief-society,2012-09-29 00:00:00.000,October,2012,October 2012,Relief Society General President,1,2352,15:22,2,https://www.churchofjesuschrist.org/study/general-conference/2012/10/is-faith-in-the-atonement-of-jesus-christ-written-in-our-hearts,"Making, keeping, and rejoicing in our covenants will be the evidence that the Atonement of Jesus Christ is truly written in our hearts."
He Truly Loves Us,Paul E. Koelliker,saturday-morning,2012-04-07 00:00:00.000,April,2012,April 2012,Of the Seventy,5,1705,11:29,2,https://www.churchofjesuschrist.org/study/general-conference/2012/04/he-truly-loves-us,"Because of the heaven-designed pattern of the family, we more fully understand how our Heavenly Father truly loves each of us equally and fully."
Abide in the Lord’s Territory!,Ulisses Soares,saturday-afternoon,2012-04-07 00:00:00.000,April,2012,April 2012,Of the Seventy,3,1299,,2,https://www.churchofjesuschrist.org/study/general-conference/2012/04/abide-in-the-lords-territory,"Our daily question must be, “Do my actions place me in the Lord’s or in the enemy’s territory?”"
"Faith, Fortitude, Fulfillment: A Message to Single Parents",David S. Baxter,saturday-afternoon,2012-04-07 00:00:00.000,April,2012,April 2012,Of the Seventy,4,1282,8:36,2,https://www.churchofjesuschrist.org/study/general-conference/2012/04/faith-fortitude-fulfillment-a-message-to-single-parents,"You are striving to raise your children in righteousness and truth, knowing that while you cannot change the past, you can shape the future."
Was It Worth It?,David F. Evans,sunday-afternoon,2012-04-08 00:00:00.000,April,2012,April 2012,Of the Seventy,5,1843,,2,https://www.churchofjesuschrist.org/study/general-conference/2012/04/was-it-worth-it,The work of naturally and normally sharing the gospel with those we care about and love will be the work and joy of our lives.
To Hold Sacred,Paul B. Pieper,sunday-afternoon,2012-04-08 00:00:00.000,April,2012,April 2012,Of the Seventy,6,1360,9:58,2,https://www.churchofjesuschrist.org/study/general-conference/2012/04/to-hold-sacred,"Sacred things are to be treated with more care, given greater deference, and regarded with deeper reverence."
The Book of Mormon—a Book from God,Tad R. Callister,sunday-morning,2011-10-02 00:00:00.000,October,2011,October 2011,Of the Presidency of the Seventy,3,1719,10:15,2,https://www.churchofjesuschrist.org/study/general-conference/2011/10/the-book-of-mormon-a-book-from-god,"Together with the Bible, the Book of Mormon is an indispensable witness of the doctrines of Christ and His divinity."
More Than Conquerors through Him That Loved Us,Paul V. Johnson,sunday-morning,2011-04-03 00:00:00.000,April,2011,April 2011,Of the Seventy,2,1432,11:29,2,https://www.churchofjesuschrist.org/study/general-conference/2011/04/more-than-conquerors-through-him-that-loved-us,Trials are not just to test us. They are vitally important to the process of putting on the divine nature.
Called to Be Saints,Benjamín De Hoyos,sunday-afternoon,2011-04-03 00:00:00.000,April,2011,April 2011,Of the Seventy,5,1194,9:38,2,https://www.churchofjesuschrist.org/study/general-conference/2011/04/called-to-be-saints,How blessed we are to have been brought into this fellowship of the Latter-day Saints!
The Miracle of the Atonement,C. Scott Grow,sunday-afternoon,2011-04-03 00:00:00.000,April,2011,April 2011,Of the Seventy,6,1538,10:26,2,https://www.churchofjesuschrist.org/study/general-conference/2011/04/the-miracle-of-the-atonement,"There is no sin or transgression, pain or sorrow, which is outside of the healing power of His Atonement."
What Have You Done with My Name?,Mervyn B. Arnold,sunday-afternoon,2010-10-03 00:00:00.000,October,2010,October 2010,Of the Seventy,6,1503,10:20,2,https://www.churchofjesuschrist.org/study/general-conference/2010/10/what-have-you-done-with-my-name,"Someday each one of us will have to account to our Savior, Jesus Christ, for what we have done with His name."
Eyes to See,Michelle D. Craig,saturday-morning,2020-10-03 00:00:00.000,October,2020,October 2020,First Counselor in the Young Women General Presidency,4,1337,9:45,3,https://www.churchofjesuschrist.org/study/general-conference/2020/10/14craig,"Through the power of the Holy Ghost, Christ will enable us to see ourselves and see others as He does."
By Union of Feeling We Obtain Power with God,Sharon Eubank,womens,2020-10-03 00:00:00.000,October,2020,October 2020,First Counselor in the Relief Society General Presidency,1,1593,,3,https://www.churchofjesuschrist.org/study/general-conference/2020/10/31eubank,"As we seek union of feeling, we will call down the power of God to make our efforts whole."
The Healing Power of Jesus Christ,Cristina B. Franco,womens,2020-10-03 00:00:00.000,October,2020,October 2020,Second Counselor in the Primary General Presidency,3,1272,9:36,3,https://www.churchofjesuschrist.org/study/general-conference/2020/10/34franco,"As we come unto Jesus Christ by exercising faith in Him, repenting, and making and keeping covenants, our brokenness—whatever its cause—can be healed."
I Believe in Angels,Carlos A. Godoy,sunday-morning,2020-10-04 00:00:00.000,October,2020,October 2020,Of the Presidency of the Seventy,4,1508,10:46,3,https://www.churchofjesuschrist.org/study/general-conference/2020/10/44godoy,"The Lord is aware of the challenges you face. He knows you, He loves you, and I promise, He will send angels to help you."
"Be Faithful, Not Faithless",Stephen W. Owen,saturday-morning,2019-10-05 00:00:00.000,October,2019,October 2019,Young Men General President,3,1531,10:45,3,https://www.churchofjesuschrist.org/study/general-conference/2019/10/13owen,We must deliberately take time each day to disconnect from the world and connect with heaven.
Beloved Daughters,Bonnie H. Cordon,womens,2019-10-05 00:00:00.000,October,2019,October 2019,Young Women General President,3,1474,,3,https://www.churchofjesuschrist.org/study/general-conference/2019/10/33cordon,At the heart of all we do in Young Women is our desire to help you gain unshakable faith in the Lord Jesus Christ.
The Quorum: A Place of Belonging,Carl B. Cook,priesthood,2019-04-06 00:00:00.000,April,2019,April 2019,Of the Presidency of the Seventy,2,1426,10:59,3,https://www.churchofjesuschrist.org/study/general-conference/2019/04/32cook,"The Lord would have you establish a strong quorum. As He gathers His children, they need a place to belong and grow."
All Must Take upon Them the Name Given of the Father,Paul B. Pieper,saturday-afternoon,2018-10-06 00:00:00.000,October,2018,October 2018,Of the Seventy,5,1614,11:54,3,https://www.churchofjesuschrist.org/study/general-conference/2018/10/all-must-take-upon-them-the-name-given-of-the-father,The Savior’s name has singular and essential power. It is the only name by which salvation is possible.
For Him,Joy D. Jones,womens,2018-10-06 00:00:00.000,October,2018,October 2018,Primary General President,1,1469,11:54,3,https://www.churchofjesuschrist.org/study/general-conference/2018/10/for-him,Knowing the who and the why in serving others helps us understand that the highest manifestation of love is devotion to God.
The Role of the Book of Mormon in Conversion,Shayne M. Bowen,sunday-morning,2018-10-07 00:00:00.000,October,2018,October 2018,Of the Seventy,4,1841,11:50,3,https://www.churchofjesuschrist.org/study/general-conference/2018/10/the-role-of-the-book-of-mormon-in-conversion,"We are gathering Israel for the last time and are doing so with the Book of Mormon, one of the most powerful tools of conversion."
Teaching in the Home—a Joyful and Sacred Responsibility,Devin G. Durrant,saturday-afternoon,2018-04-07 00:00:00.000,April,2018,April 2018,First Counselor in the Sunday School General Presidency,5,1760,10:26,3,https://www.churchofjesuschrist.org/study/general-conference/2018/04/teaching-in-the-home-a-joyful-and-sacred-responsibility,I plead for heaven’s help as we strive to be Christlike teachers in our homes.
"He That Shall Endure unto the End, the Same Shall Be Saved",Claudio D. Zivic,sunday-morning,2018-04-08 00:00:00.000,April,2018,April 2018,Of the Seventy,4,1219,10:35,3,https://www.churchofjesuschrist.org/study/general-conference/2018/04/he-that-shall-endure-unto-the-end-the-same-shall-be-saved,Let us be faithful to what we have believed and know.
Christ the Lord Is Risen Today,Gerrit W. Gong,sunday-afternoon,2018-04-08 00:00:00.000,April,2018,April 2018,Of the Quorum of the Twelve Apostles,1,581,4:57,3,https://www.churchofjesuschrist.org/study/general-conference/2018/04/christ-the-lord-is-risen-today,"This is Easter Sunday. I reverently witness and solemnly testify of the living Christ—He who “died, was buried, and rose again the third day.”"
Ministering as the Savior Does,Jean B. Bingham,sunday-afternoon,2018-04-08 00:00:00.000,April,2018,April 2018,Relief Society General President,5,1953,,3,https://www.churchofjesuschrist.org/study/general-conference/2018/04/ministering-as-the-savior-does,May we show our gratitude and love for God by ministering with love to our eternal sisters and brothers.
The Truth of All Things,David F. Evans,priesthood,2017-10-07 00:00:00.000,October,2017,October 2017,Of the Seventy,2,1648,9:54,3,https://www.churchofjesuschrist.org/study/general-conference/2017/10/the-truth-of-all-things,Each of us has a personal responsibility to do what is necessary to obtain and keep a strong testimony.
Turn to the Lord,W. Christopher Waddell,sunday-morning,2017-10-08 00:00:00.000,October,2017,October 2017,Second Counselor in the Presiding Bishopric,4,1778,,3,https://www.churchofjesuschrist.org/study/general-conference/2017/10/turn-to-the-lord,"We cannot control all that happens to us, but we have absolute control over how we respond to the changes in our lives."
Do We Trust Him? Hard Is Good,Stanley G. Ellis,sunday-afternoon,2017-10-08 00:00:00.000,October,2017,October 2017,Emeritus Member of the Seventy,4,1812,,3,https://www.churchofjesuschrist.org/study/general-conference/2017/10/do-we-trust-him-hard-is-good,"Regardless of the issue, hard can be good for those who will move forward with faith and trust the Lord and His plan."
And This Is Life Eternal,C. Scott Grow,sunday-afternoon,2017-04-02 00:00:00.000,April,2017,April 2017,Of the Seventy,5,1742,11:53,3,https://www.churchofjesuschrist.org/study/general-conference/2017/04/and-this-is-life-eternal,God knows you and invites you to know Him.
That Our Light May Be a Standard for the Nations,Benjamín De Hoyos,sunday-afternoon,2017-04-02 00:00:00.000,April,2017,April 2017,Of the Seventy,6,1358,,3,https://www.churchofjesuschrist.org/study/general-conference/2017/04/that-our-light-may-be-a-standard-for-the-nations,The Savior’s gospel and His restored Church give us many opportunities for our light to be a part of the great standard for the nations.
The Soul’s Sincere Desire,Carol F. McConkie,saturday-morning,2016-10-01 00:00:00.000,October,2016,October 2016,First Counselor in the Young Women General Presidency,3,1433,11:30,3,https://www.churchofjesuschrist.org/study/general-conference/2016/10/the-souls-sincere-desire,"Every moment of precious prayer can be holy time spent with our Father, in the name of the Son, by the power of the Holy Ghost."
The Blessings of Worship,Dean M. Davies,sunday-morning,2016-10-02 00:00:00.000,October,2016,October 2016,First Counselor in the Presiding Bishopric,6,1591,11:29,3,https://www.churchofjesuschrist.org/study/general-conference/2016/10/the-blessings-of-worship,"Worship is essential and central to our spiritual life. It is something we should yearn for, seek out, and strive to experience."
What Shall We Do?,Neill F. Marriott,womens,2016-03-26 00:00:00.000,April,2016,April 2016,Second Counselor in the Young Women General Presidency,2,1384,11:52,3,https://www.churchofjesuschrist.org/study/general-conference/2016/04/what-shall-we-do,We build the kingdom when we nurture others. We also build the kingdom when we speak up and testify of truth.
To the Rescue: We Can Do It,Mervyn B. Arnold,saturday-afternoon,2016-04-02 00:00:00.000,April,2016,April 2016,Of the Seventy,3,1361,10:41,3,https://www.churchofjesuschrist.org/study/general-conference/2016/04/to-the-rescue-we-can-do-it,The Lord has provided all of the tools necessary for us to go to the rescue of our less-active and nonmember friends.
And There Shall Be No More Death,Paul V. Johnson,sunday-afternoon,2016-04-03 00:00:00.000,April,2016,April 2016,Of the Seventy,6,1304,10:15,3,https://www.churchofjesuschrist.org/study/general-conference/2016/04/and-there-shall-be-no-more-death,"For all who have grieved over the death of someone they loved, the Resurrection is a source of great hope."
Through God’s Eyes,Dale G. Renlund,sunday-morning,2015-10-04 00:00:00.000,October,2015,October 2015,Of the Quorum of the Twelve Apostles,4,977,,3,https://www.churchofjesuschrist.org/study/general-conference/2015/10/through-gods-eyes,"To effectively serve others, we must see them through a parent’s eyes, through Heavenly Father’s eyes."
Filling Our Homes with Light and Truth,Cheryl A. Esplin,womens,2015-03-28 00:00:00.000,April,2015,April 2015,Second Counselor in the Primary General Presidency,1,1396,10:25,3,https://www.churchofjesuschrist.org/study/general-conference/2015/04/filling-our-homes-with-light-and-truth,"In order for us and our families to withstand the pressures of the world, we must be filled with light and gospel truth."
Defenders of the Family Proclamation,Bonnie L. Oscarson,womens,2015-03-28 00:00:00.000,April,2015,April 2015,Young Women General President,3,1738,11:33,3,https://www.churchofjesuschrist.org/study/general-conference/2015/04/defenders-of-the-family-proclamation,"Let us help build the kingdom of God by standing up boldly and being defenders of marriage, parenthood, and the home."
Is It Still Wonderful to You?,Gérald Caussé,sunday-morning,2015-04-05 00:00:00.000,April,2015,April 2015,First Counselor in the Presiding Bishopric,4,1361,10:14,3,https://www.churchofjesuschrist.org/study/general-conference/2015/04/is-it-still-wonderful-to-you,To marvel at the wonders of the gospel is a sign of faith. It is to recognize the hand of the Lord in our lives and in everything around us.
Covenant Daughters of God,Jean A. Stevens,womens,2014-09-27 00:00:00.000,October,2014,October 2014,First Counselor in the Primary General Presidency,2,1735,,3,https://www.churchofjesuschrist.org/study/general-conference/2014/10/covenant-daughters-of-god,"When daughters of God focus on the temple and on their sacred covenants, God is able to send blessings in personal and powerful ways."
Protection from Pornography—a Christ-Focused Home,Linda S. Reeves,saturday-morning,2014-04-05 00:00:00.000,April,2014,April 2014,Second Counselor in the Relief Society General Presidency,5,1476,12:13,3,https://www.churchofjesuschrist.org/study/general-conference/2014/04/protection-from-pornography-a-christ-focused-home,The greatest filter in the world … is the personal internal filter that comes from a deep and abiding testimony.
Your Four Minutes,Gary E. Stevenson,sunday-morning,2014-04-06 00:00:00.000,April,2014,April 2014,Presiding Bishop,4,1567,11:14,3,https://www.churchofjesuschrist.org/study/general-conference/2014/04/your-four-minutes,The miracle of the Atonement can make up for imperfections in our performance.
Live True to the Faith,William R. Walker,sunday-afternoon,2014-04-06 00:00:00.000,April,2014,April 2014,Of the Seventy,2,1679,,3,https://www.churchofjesuschrist.org/study/general-conference/2014/04/live-true-to-the-faith,Each of us will be greatly blessed if we know the stories of faith and sacrifice that led our forefathers to join the Lord’s Church.
"Keeping Covenants Protects Us, Prepares Us, and Empowers Us",Rosemary M. Wixom,womens,2014-03-29 00:00:00.000,April,2014,April 2014,Primary General President,1,1422,11:12,3,https://www.churchofjesuschrist.org/study/general-conference/2014/04/keeping-covenants-protects-us-prepares-us-and-empowers-us,We are covenant-making women of all ages walking the path of mortality back to His presence.
Be Meek and Lowly of Heart,Ulisses Soares,saturday-morning,2013-10-05 00:00:00.000,October,2013,October 2013,Of the Presidency of the Seventy,3,1569,11:21,3,https://www.churchofjesuschrist.org/study/general-conference/2013/10/be-meek-and-lowly-of-heart,"Being meek does not mean weakness, but it does mean behaving with goodness and kindness."
"The Power, Joy, and Love of Covenant Keeping",Linda K. Burton,relief-society,2013-09-28 00:00:00.000,October,2013,October 2013,Relief Society General President,1,2311,15:36,3,https://www.churchofjesuschrist.org/study/general-conference/2013/10/the-power-joy-and-love-of-covenant-keeping,"I invite each of us to evaluate how much we love the Savior, using as a measure how joyfully we keep our covenants."
We Have Great Reason to Rejoice,Carole M. Stephens,relief-society,2013-09-28 00:00:00.000,October,2013,October 2013,First Counselor in the Relief Society General Presidency,2,1884,12:47,3,https://www.churchofjesuschrist.org/study/general-conference/2013/10/we-have-great-reason-to-rejoice,"When you love, watch over, and serve others in small and simple ways, you are actively participating in the work of salvation."
The Power of the Priesthood in the Boy,Tad R. Callister,priesthood,2013-04-06 00:00:00.000,April,2013,April 2013,Of the Presidency of the Seventy,2,1842,10:52,3,https://www.churchofjesuschrist.org/study/general-conference/2013/04/the-power-of-the-priesthood-in-the-boy,The priesthood in the boy is just as powerful as the priesthood in the man when exercised in righteousness.
The Father and the Son,Christoffel Golden,sunday-afternoon,2013-04-07 00:00:00.000,April,2013,April 2013,Of the Seventy,3,1244,,3,https://www.churchofjesuschrist.org/study/general-conference/2013/04/the-father-and-the-son,At the heart of the gospel of Jesus Christ and its power to save is a correct understanding of the Father and the Son.
An Unspeakable Gift from God,Craig C. Christensen,saturday-morning,2012-10-06 00:00:00.000,October,2012,October 2012,Of the Presidency of the Seventy,4,1719,,3,https://www.churchofjesuschrist.org/study/general-conference/2012/10/an-unspeakable-gift-from-god,"The Holy Ghost works in perfect unity with Heavenly Father and Jesus Christ, fulfilling many important roles and distinct responsibilities."
Establishing a Christ-Centered Home,Richard J. Maynes,saturday-afternoon,2011-04-02 00:00:00.000,April,2011,April 2011,Of the Seventy,3,1443,10:59,3,https://www.churchofjesuschrist.org/study/general-conference/2011/04/establishing-a-christ-centered-home,We understand and believe in the eternal nature of the family. This understanding and belief should inspire us to do everything in our power to establish a Christ-centered home.
The Lord’s Richest Blessings,Carl B. Pratt,sunday-afternoon,2011-04-03 00:00:00.000,April,2011,April 2011,Of the Seventy,3,1491,10:33,3,https://www.churchofjesuschrist.org/study/general-conference/2011/04/the-lords-richest-blessings,"As we pay our tithing faithfully, the Lord will open the windows of heaven and pour out upon us His richest blessings."
What Manner of Men and Women Ought Ye to Be?,Lynn G. Robbins,sunday-afternoon,2011-04-03 00:00:00.000,April,2011,April 2011,Of the Seventy,4,1559,,3,https://www.churchofjesuschrist.org/study/general-conference/2011/04/what-manner-of-men-and-women-ought-ye-to-be,May your efforts to develop Christlike attributes be successful so that His image may be engraven in your countenance and His attributes manifest in your behavior.
Turn to the Lord,Donald L. Hallstrom,sunday-morning,2010-04-04 00:00:00.000,April,2010,April 2010,Of the Presidency of the Seventy,3,1411,10:56,3,https://www.churchofjesuschrist.org/study/general-conference/2010/04/turn-to-the-lord,Never let an earthly circumstance disable you spiritually.
That Our Children Might See the Face of the Savior,Cheryl C. Lant,sunday-morning,2010-04-04 00:00:00.000,April,2010,April 2010,Recently Released Primary General President,4,1590,11:15,3,https://www.churchofjesuschrist.org/study/general-conference/2010/04/that-our-children-might-see-the-face-of-the-savior,It is our sacred responsibility as parents and leaders of this rising generation of children to bring them to the Savior.
Things Pertaining to Righteousness,Francisco J. Viñas,sunday-afternoon,2010-04-04 00:00:00.000,April,2010,April 2010,Of the Seventy,6,1437,10:44,3,https://www.churchofjesuschrist.org/study/general-conference/2010/04/things-pertaining-to-righteousness,"As parents and leaders, we need to watch over our members and families, helping them to stay away from those things that could lead them to a spiritual death."
Be of a Good Courage,Ann M. Dibb,young-women,2010-03-27 00:00:00.000,April,2010,April 2010,Second Counselor in the Young Women General Presidency,1,1831,13:32,3,https://www.churchofjesuschrist.org/study/general-conference/2010/04/be-of-a-good-courage,"[The] guides from the book of Joshua will combine to provide the most powerful source of courage and strength there is: faith in our Heavenly Father and in His Son, Jesus Christ."
An Especially Noble Calling,Joy D. Jones,saturday-morning,2020-04-04 00:00:00.000,April,2020,April 2020,Primary General President,4,1345,1:55,4,https://www.churchofjesuschrist.org/study/general-conference/2020/04/14jones,"As women of faith, we can draw principles of truth from the Prophet Joseph’s experiences that provide insights for receiving our own revelation."
United in Accomplishing God’s Work,Jean B. Bingham,saturday-evening,2020-04-04 00:00:00.000,April,2020,April 2020,Relief Society General President,4,2111,13:41,4,https://www.churchofjesuschrist.org/study/general-conference/2020/04/34bingham,"The most effective way to fulfill our divine potential is to work together, blessed by the power and authority of the priesthood."
That They May See,Bonnie H. Cordon,sunday-morning,2020-04-05 00:00:00.000,April,2020,April 2020,Young Women General President,2,1456,10:28,4,https://www.churchofjesuschrist.org/study/general-conference/2020/04/42cordon,Look and pray for opportunities to let your light shine that others may see the way to Jesus Christ.
Just as He Did,W. Christopher Waddell,saturday-morning,2019-04-06 00:00:00.000,April,2019,April 2019,Second Counselor in the Presiding Bishopric,5,1805,11:53,4,https://www.churchofjesuschrist.org/study/general-conference/2019/04/15waddell,"As we seek to minister just as He did, we will be provided opportunities to forget self and lift others."
"Come, Listen to a Prophet’s Voice",Dean M. Davies,saturday-afternoon,2018-10-06 00:00:00.000,October,2018,October 2018,First Counselor in the Presiding Bishopric,2,1768,12:18,4,https://www.churchofjesuschrist.org/study/general-conference/2018/10/come-listen-to-a-prophets-voice,"As we solidify in our lives the practice of listening to and heeding the voice of the living prophets, we will reap eternal blessings."
Our Campfire of Faith,Gerrit W. Gong,saturday-afternoon,2018-10-06 00:00:00.000,October,2018,October 2018,Of the Quorum of the Twelve Apostles,4,1936,14:47,4,https://www.churchofjesuschrist.org/study/general-conference/2018/10/our-campfire-of-faith,"For those who seek, allow, and live for it, the dawn of faith, sometimes gradually, will come or can return."
Abiding in God and Repairing the Breach,Neill F. Marriott,womens,2017-09-30 00:00:00.000,October,2017,October 2017,Second Counselor in the Young Women General Presidency,2,1510,13:42,4,https://www.churchofjesuschrist.org/study/general-conference/2017/10/abiding-in-god-and-repairing-the-breach,Christ has the power to bring us into loving fellowship with the Father and with one another.
The Beauty of Holiness,Carol F. McConkie,womens,2017-03-25 00:00:00.000,April,2017,April 2017,First Counselor in the Young Women General Presidency,2,1545,12:13,4,https://www.churchofjesuschrist.org/study/general-conference/2017/04/the-beauty-of-holiness,Our Father in Heaven has provided for us all that is required so that we can become holy as He is holy.
Prepare the Way,Gérald Caussé,priesthood,2017-04-01 00:00:00.000,April,2017,April 2017,Presiding Bishop,3,1714,12:14,4,https://www.churchofjesuschrist.org/study/general-conference/2017/04/prepare-the-way,"Even though they are vested with different missions and authority, the Aaronic Priesthood and the Melchizedek Priesthood are inseparable partners in the work of salvation."
He Asks Us to Be His Hands,Cheryl A. Esplin,womens,2016-03-26 00:00:00.000,April,2016,April 2016,First Counselor in the Primary General Presidency,1,1397,10:19,4,https://www.churchofjesuschrist.org/study/general-conference/2016/04/he-asks-us-to-be-his-hands,True Christlike service is selfless and focuses on others.
“That I Might Draw All Men unto Me”,Dale G. Renlund,saturday-morning,2016-04-02 00:00:00.000,April,2016,April 2016,Of the Quorum of the Twelve Apostles,7,1861,13:40,4,https://www.churchofjesuschrist.org/study/general-conference/2016/04/that-i-might-draw-all-men-unto-me,"As we draw closer to God, the enabling power of the Atonement of Jesus Christ will come into our lives."
Do I Believe?,Bonnie L. Oscarson,sunday-morning,2016-04-03 00:00:00.000,April,2016,April 2016,Young Women General President,2,1751,11:31,4,https://www.churchofjesuschrist.org/study/general-conference/2016/04/do-i-believe,"If these things are true, then we have the greatest message of hope and help that the world has ever known."
Worthy of Our Promised Blessings,Linda S. Reeves,womens,2015-09-26 00:00:00.000,October,2015,October 2015,Second Counselor in the Relief Society General Presidency,2,1320,11:23,4,https://www.churchofjesuschrist.org/study/general-conference/2015/10/worthy-of-our-promised-blessings,A vision of our Father’s incredible promised blessings must be the central focus before our eyes every day.
The Pleasing Word of God,Francisco J. Viñas,saturday-morning,2015-10-03 00:00:00.000,October,2015,October 2015,Of the Seventy,6,1496,11:19,4,https://www.churchofjesuschrist.org/study/general-conference/2015/10/the-pleasing-word-of-god,The pleasing word of God shows us the need for continuous repentance in our lives so we can keep the influence of the Holy Ghost.
Plain and Precious Truths,Gary E. Stevenson,sunday-morning,2015-10-04 00:00:00.000,October,2015,October 2015,Of the Quorum of the Twelve Apostles,3,1050,7:10,4,https://www.churchofjesuschrist.org/study/general-conference/2015/10/plain-and-precious-truths,Heavenly Father’s generous compensation for living in perilous times is that we also live in the fulness of times.
The Family Is of God,Carole M. Stephens,womens,2015-03-28 00:00:00.000,April,2015,April 2015,First Counselor in the Relief Society General Presidency,2,1327,10:30,4,https://www.churchofjesuschrist.org/study/general-conference/2015/04/the-family-is-of-god,We each belong to and are needed in the family of God.
"Yes, We Can and Will Win!",Ulisses Soares,priesthood,2015-04-04 00:00:00.000,April,2015,April 2015,Of the Presidency of the Seventy,2,1675,11:60,4,https://www.churchofjesuschrist.org/study/general-conference/2015/04/yes-we-can-and-will-win,We must hold ever more tightly to our testimony of the gospel of Jesus Christ. Then we will win the daily battles against evil.
Returning to Faith,Rosemary M. Wixom,sunday-morning,2015-04-05 00:00:00.000,April,2015,April 2015,Primary General President,2,1414,10:11,4,https://www.churchofjesuschrist.org/study/general-conference/2015/04/returning-to-faith,Every one of us can strengthen our faith in Jesus Christ on our individual journey and find joy.
Which Way Do You Face?,Lynn G. Robbins,saturday-morning,2014-10-04 00:00:00.000,October,2014,October 2014,Of the Presidency of the Seventy,3,1733,10:59,4,https://www.churchofjesuschrist.org/study/general-conference/2014/10/which-way-do-you-face,Trying to please others before pleasing God is inverting the first and second great commandments.
Parents: The Prime Gospel Teachers of Their Children,Tad R. Callister,saturday-afternoon,2014-10-04 00:00:00.000,October,2014,October 2014,Sunday School General President,3,1518,9:40,4,https://www.churchofjesuschrist.org/study/general-conference/2014/10/parents-the-prime-gospel-teachers-of-their-children,"When all is said and done, the home is the ideal forum for teaching the gospel of Jesus Christ."
I Know These Things of Myself,Craig C. Christensen,priesthood,2014-10-04 00:00:00.000,October,2014,October 2014,Of the Presidency of the Seventy,2,1799,11:55,4,https://www.churchofjesuschrist.org/study/general-conference/2014/10/i-know-these-things-of-myself,Learning for ourselves that the restored gospel of Jesus Christ is true can be one of the greatest and most joyful experiences in life.
What Are You Thinking?,W. Craig Zwick,saturday-afternoon,2014-04-05 00:00:00.000,April,2014,April 2014,Of the Seventy,5,1440,10:47,4,https://www.churchofjesuschrist.org/study/general-conference/2014/04/what-are-you-thinking,"I plead with you to practice asking this question, with tender regard for another’s experience: “What are you thinking?”"
Wanted: Hands and Hearts to Hasten the Work,Linda K. Burton,womens,2014-03-29 00:00:00.000,April,2014,April 2014,Relief Society General President,3,1480,10:28,4,https://www.churchofjesuschrist.org/study/general-conference/2014/04/wanted-hands-and-hearts-to-hasten-the-work,We can offer hands to help and hearts to hasten Heavenly Father’s wonderful work.
The Strength to Endure,Richard J. Maynes,sunday-morning,2013-10-06 00:00:00.000,October,2013,October 2013,Of the Presidency of the Seventy,4,1824,,4,https://www.churchofjesuschrist.org/study/general-conference/2013/10/the-strength-to-endure,Our ability to endure to the end in righteousness will be in direct proportion to the strength of our testimony and the depth of our conversion.
The Gospel to All the World,John B. Dickson,saturday-afternoon,2013-04-06 00:00:00.000,April,2013,April 2013,Of the Seventy,4,1267,,4,https://www.churchofjesuschrist.org/study/general-conference/2013/04/the-gospel-to-all-the-world,"The Church has moved steadily across the world from nation to nation, culture to culture, people to people, on the Lord’s calendar and in His time."
Beautiful Mornings,Bruce D. Porter,sunday-afternoon,2013-04-07 00:00:00.000,April,2013,April 2013,Of the Seventy,6,1306,10:28,4,https://www.churchofjesuschrist.org/study/general-conference/2013/04/beautiful-mornings,"We need not fear the future, nor falter in hope and good cheer, because God is with us."
Converted to His Gospel through His Church,Donald L. Hallstrom,saturday-morning,2012-04-07 00:00:00.000,April,2012,April 2012,Of the Presidency of the Seventy,4,1494,11:35,4,https://www.churchofjesuschrist.org/study/general-conference/2012/04/converted-to-his-gospel-through-his-church,The purpose of the Church is to help us live the gospel.
The Time Shall Come,L. Whitney Clayton,saturday-morning,2011-10-01 00:00:00.000,October,2011,October 2011,Of the Presidency of the Seventy,3,1505,11:20,4,https://www.churchofjesuschrist.org/study/general-conference/2011/10/the-time-shall-come,"With you, I stand in awe as this work moves forward miraculously, marvelously, and irresistibly."
Followers of Christ,Walter F. González,saturday-morning,2011-04-02 00:00:00.000,April,2011,April 2011,Of the Presidency of the Seventy,4,1332,10:30,4,https://www.churchofjesuschrist.org/study/general-conference/2011/04/followers-of-christ,Followers of Christ pattern their lives after the Savior to walk in the light.
Testimony,Cecil O. Samuelson Jr.,saturday-afternoon,2011-04-02 00:00:00.000,April,2011,April 2011,Of the Seventy,4,1473,8:47,4,https://www.churchofjesuschrist.org/study/general-conference/2011/04/testimony,"The fundamentals of gaining and retaining a testimony of the gospel of Jesus Christ are straightforward, clear, and within the capacity of every person."
Hope,Steven E. Snow,priesthood,2011-04-02 00:00:00.000,April,2011,April 2011,Of the Presidency of the Seventy,2,1588,11:33,4,https://www.churchofjesuschrist.org/study/general-conference/2011/04/hope,Our hope in the Atonement empowers us with eternal perspective.
I Believe in Being Honest and True,Ann M. Dibb,young-women,2011-03-26 00:00:00.000,April,2011,April 2011,Second Counselor in the Young Women General Presidency,1,1724,13:39,4,https://www.churchofjesuschrist.org/study/general-conference/2011/04/i-believe-in-being-honest-and-true,"Being true to our beliefs—even when doing so isn’t popular, easy, or fun—keeps us safely on the path that leads to eternal life with our Heavenly Father."
The Divine Call of a Missionary,Ronald A. Rasband,priesthood,2010-04-03 00:00:00.000,April,2010,April 2010,Of the Presidency of the Seventy,2,1668,11:48,4,https://www.churchofjesuschrist.org/study/general-conference/2010/04/the-divine-call-of-a-missionary,"The Lord needs every able young man to prepare and recommit, starting tonight, to be worthy of a call from the prophet of God to serve a mission."
"Never, Never, Never Give Up!",Mary N. Cook,young-women,2010-03-27 00:00:00.000,April,2010,April 2010,First Counselor in the Young Women General Presidency,2,1899,11:51,4,https://www.churchofjesuschrist.org/study/general-conference/2010/04/never-never-never-give-up,"What does the Lord want you to do? He wants you to be a valiant and virtuous daughter of God, dedicated to living each day so that you can be worthy to receive the blessings of the temple."
There Was Bread,W. Christopher Waddell,saturday-afternoon,2020-10-03 00:00:00.000,October,2020,October 2020,First Counselor in the Presiding Bishopric,4,1457,,5,https://www.churchofjesuschrist.org/study/general-conference/2020/10/25waddell,"As we seek to become temporally prepared, we can face the trials of life with increased confidence."
"Good Shepherd, Lamb of God",Gerrit W. Gong,sunday-afternoon,2019-04-07 00:00:00.000,April,2019,April 2019,Of the Quorum of the Twelve Apostles,3,1930,15:19,5,https://www.churchofjesuschrist.org/study/general-conference/2019/04/53gong,Jesus Christ calls us in His voice and His name. He seeks and gathers us. He teaches us how to minister in love.
It Is All about People,Gérald Caussé,sunday-afternoon,2018-04-08 00:00:00.000,April,2018,April 2018,Presiding Bishop,7,1603,,5,https://www.churchofjesuschrist.org/study/general-conference/2018/04/it-is-all-about-people,"The Church is all about you, the Lord’s disciples—those who love and follow Him and who have taken His name upon them."
"Lord, Wilt Thou Cause That My Eyes May Be Opened",W. Craig Zwick,sunday-morning,2017-10-08 00:00:00.000,October,2017,October 2017,Emeritus Member of the Seventy,5,1591,12:46,5,https://www.churchofjesuschrist.org/study/general-conference/2017/10/lord-wilt-thou-cause-that-my-eyes-may-be-opened,We must look at others through the eyes of our Savior.
God’s Compelling Witness: The Book of Mormon,Tad R. Callister,sunday-afternoon,2017-10-08 00:00:00.000,October,2017,October 2017,Sunday School General President,2,1592,10:10,5,https://www.churchofjesuschrist.org/study/general-conference/2017/10/gods-compelling-witness-the-book-of-mormon,"The Book of Mormon is God’s compelling witness of the divinity of Jesus Christ, the prophetic calling of Joseph Smith, and the absolute truth of this Church."
Confide in God Unwaveringly,Ulisses Soares,saturday-morning,2017-04-01 00:00:00.000,April,2017,April 2017,Of the Presidency of the Seventy,5,1510,,5,https://www.churchofjesuschrist.org/study/general-conference/2017/04/confide-in-god-unwaveringly,"If we are steadfast and do not waver in our faith, the Lord will increase our capacity to raise ourselves above the challenges of life."
"Rise Up in Strength, Sisters in Zion",Bonnie L. Oscarson,womens,2016-09-24 00:00:00.000,October,2016,October 2016,Young Women General President,3,1904,12:41,5,https://www.churchofjesuschrist.org/study/general-conference/2016/10/rise-up-in-strength-sisters-in-zion,"To be converted covenant keepers, we need to study the essential doctrines of the gospel and have an unshakable testimony of their truthfulness."
“A Choice Seer Will I Raise Up”,Craig C. Christensen,saturday-morning,2016-10-01 00:00:00.000,October,2016,October 2016,Of the Presidency of the Seventy,4,1656,,5,https://www.churchofjesuschrist.org/study/general-conference/2016/10/a-choice-seer-will-i-raise-up,"Because Joseph was a prophet, we have more than a window into heaven—the very doorway to the eternities is open to us."
The Great Plan of Redemption,Linda S. Reeves,sunday-morning,2016-10-02 00:00:00.000,October,2016,October 2016,Second Counselor in the Relief Society General Presidency,4,1482,,5,https://www.churchofjesuschrist.org/study/general-conference/2016/10/the-great-plan-of-redemption,"I know that when we sincerely repent of our sins, they are truly gone—without a trace!"
The Righteous Judge,Lynn G. Robbins,sunday-morning,2016-10-02 00:00:00.000,October,2016,October 2016,Of the Presidency of the Seventy,7,1557,10:25,5,https://www.churchofjesuschrist.org/study/general-conference/2016/10/the-righteous-judge,"There is only one way to judge righteous judgment, as Jesus Christ does, and that is to be as He is."
Repentance: A Joyful Choice,Dale G. Renlund,sunday-afternoon,2016-10-02 00:00:00.000,October,2016,October 2016,Of the Quorum of the Twelve Apostles,7,1938,15:45,5,https://www.churchofjesuschrist.org/study/general-conference/2016/10/repentance-a-joyful-choice,Repentance is not only possible but also joyful because of our Savior.
Where Are the Keys and Authority of the Priesthood?,Gary E. Stevenson,saturday-morning,2016-04-02 00:00:00.000,April,2016,April 2016,Of the Quorum of the Twelve Apostles,4,1922,,5,https://www.churchofjesuschrist.org/study/general-conference/2016/04/where-are-the-keys-and-authority-of-the-priesthood,"Priesthood authority and keys start the engine, open the gates of heaven, facilitate heavenly power, and pave the covenant pathway back to our Heavenly Father."
Be Thou Humble,Steven E. Snow,saturday-morning,2016-04-02 00:00:00.000,April,2016,April 2016,Of the Seventy,6,1473,10:58,5,https://www.churchofjesuschrist.org/study/general-conference/2016/04/be-thou-humble,"Humility enables us to be better parents, sons and daughters, husbands and wives, neighbors and friends."
Discovering the Divinity Within,Rosemary M. Wixom,womens,2015-09-26 00:00:00.000,October,2015,October 2015,Primary General President,1,1377,11:19,5,https://www.churchofjesuschrist.org/study/general-conference/2015/10/discovering-the-divinity-within,We come to this earth to nurture and discover the seeds of divine nature that are within us.
The Joy of Living a Christ-Centered Life,Richard J. Maynes,saturday-morning,2015-10-03 00:00:00.000,October,2015,October 2015,Of the Presidency of the Seventy,3,1762,11:47,5,https://www.churchofjesuschrist.org/study/general-conference/2015/10/the-joy-of-living-a-christ-centered-life,Our lives must be centered with exactness in Christ if we are to find true joy and peace in this life.
"“If Ye Love Me, Keep My Commandments”",Carole M. Stephens,sunday-afternoon,2015-10-04 00:00:00.000,October,2015,October 2015,First Counselor in the Relief Society General Presidency,4,1593,,5,https://www.churchofjesuschrist.org/study/general-conference/2015/10/if-ye-love-me-keep-my-commandments,"God’s commandments are a manifestation of His love for us, and obedience to His commandments is an expression of our love for Him."
Prepared in a Manner That Never Had Been Known,Linda K. Burton,womens,2014-09-27 00:00:00.000,October,2014,October 2014,Relief Society General President,1,1579,10:11,5,https://www.churchofjesuschrist.org/study/general-conference/2014/10/prepared-in-a-manner-that-never-had-been-known,May we prepare to worthily receive saving ordinances drop by drop and keep the associated covenants wholeheartedly.
Christ the Redeemer,Carlos H. Amado,saturday-morning,2014-04-05 00:00:00.000,April,2014,April 2014,Of the Seventy,4,1407,10:28,5,https://www.churchofjesuschrist.org/study/general-conference/2014/04/christ-the-redeemer,"[The Redeemer’s] sacrifice blessed everyone, from Adam, the first, to the last of all human beings."
What Manner of Men?,Donald L. Hallstrom,priesthood,2014-04-05 00:00:00.000,April,2014,April 2014,Of the Presidency of the Seventy,2,1513,11:57,5,https://www.churchofjesuschrist.org/study/general-conference/2014/04/what-manner-of-men,What changes are required of us to become the manner of men we ought to be?
Marriage: Watch and Learn,L. Whitney Clayton,sunday-morning,2013-04-07 00:00:00.000,April,2013,April 2013,Of the Presidency of the Seventy,4,1303,10:39,5,https://www.churchofjesuschrist.org/study/general-conference/2013/04/marriage-watch-and-learn,"The promises of the Lord are extended to all those who follow the pattern of life that builds happy, holy marriage relationships."
Learning with Our Hearts,Walter F. González,sunday-morning,2012-10-07 00:00:00.000,October,2012,October 2012,Of the Presidency of the Seventy,4,1213,10:30,5,https://www.churchofjesuschrist.org/study/general-conference/2012/10/learning-with-our-hearts,One way to come unto Christ is by seeking to learn essential truths with our hearts.
Special Lessons,Ronald A. Rasband,sunday-morning,2012-04-08 00:00:00.000,April,2012,April 2012,Of the Presidency of the Seventy,3,1461,11:28,5,https://www.churchofjesuschrist.org/study/general-conference/2012/04/special-lessons,It is my hope and prayer that we will continue to bear nobly our burdens and to reach out to those among us who are suffering.
Arise and Shine Forth,Ann M. Dibb,young-women,2012-03-31 00:00:00.000,April,2012,April 2012,Second Counselor in the Young Women General Presidency,1,1571,,5,https://www.churchofjesuschrist.org/study/general-conference/2012/04/arise-and-shine-forth,One of the greatest ways we can arise and shine forth is to confidently obey the commandments of God.
Obedience to the Prophets,Claudio R. M. Costa,saturday-morning,2010-10-02 00:00:00.000,October,2010,October 2010,Of the Presidency of the Seventy,4,1467,,5,https://www.churchofjesuschrist.org/study/general-conference/2010/10/obedience-to-the-prophets,What a great blessing it is to have prophets in our day!
The Holy Ghost and Revelation,Jay E. Jensen,sunday-morning,2010-10-03 00:00:00.000,October,2010,October 2010,Of the Presidency of the Seventy,3,1394,9:50,5,https://www.churchofjesuschrist.org/study/general-conference/2010/10/the-holy-ghost-and-revelation,"The Holy Ghost is the third member of the Godhead, and with the Father and the Son, He knows all things."
Be an Example of the Believers,Mary N. Cook,sunday-morning,2010-10-03 00:00:00.000,October,2010,October 2010,First Counselor in the Young Women General Presidency,4,1687,10:47,5,https://www.churchofjesuschrist.org/study/general-conference/2010/10/be-an-example-of-the-believers,I would like to invite you to “be … an example of the believers … in faith [and] in purity.”
Steadfast and Immovable,Silvia H. Allred,relief-society,2010-09-25 00:00:00.000,October,2010,October 2010,First Counselor in the Relief Society General Presidency,2,1878,12:43,5,https://www.churchofjesuschrist.org/study/general-conference/2010/10/steadfast-and-immovable,"If we are faithful and endure to the end, we will receive all of Heavenly Father’s blessings, even eternal life and exaltation."
"And of Some Have Compassion, Making a Difference",Barbara Thompson,relief-society,2010-09-25 00:00:00.000,October,2010,October 2010,Second Counselor in the Relief Society General Presidency,3,1860,,5,https://www.churchofjesuschrist.org/study/general-conference/2010/10/and-of-some-have-compassion-making-a-difference,"The beauty of visiting teaching is seeing lives changed, tears wiped away, testimonies growing, people loved, families strengthened."
A Living Witness of the Living Christ,Gérald Caussé,saturday-afternoon,2020-04-04 00:00:00.000,April,2020,April 2020,Presiding Bishop,3,1378,10:42,6,https://www.churchofjesuschrist.org/study/general-conference/2020/04/25causse,The central message of the Book of Mormon is to restore the true knowledge of the essential role of Jesus Christ in the salvation and exaltation of mankind.
Covenant Belonging,Gerrit W. Gong,sunday-morning,2019-10-06 00:00:00.000,October,2019,October 2019,Of the Quorum of the Twelve Apostles,1,1880,15:14,6,https://www.churchofjesuschrist.org/study/general-conference/2019/10/41gong,To belong with God and to walk with each other on His covenant path is to be blessed by covenant belonging.
The Savior’s Touch,Walter F. González,sunday-morning,2019-10-06 00:00:00.000,October,2019,October 2019,Of the Seventy,4,1487,11:54,6,https://www.churchofjesuschrist.org/study/general-conference/2019/10/44gonzalez,"As we come unto Him, God will come to our rescue, whether to heal us or to give us the strength to face any situation."
The Atonement of Jesus Christ,Tad R. Callister,sunday-morning,2019-04-07 00:00:00.000,April,2019,April 2019,Recently Released Sunday School General President,5,1739,11:46,6,https://www.churchofjesuschrist.org/study/general-conference/2019/04/45callister,The Savior’s Atonement is not only infinite in scope but also individual in reach.
Until Seventy Times Seven,Lynn G. Robbins,saturday-morning,2018-04-07 00:00:00.000,April,2018,April 2018,Of the Presidency of the Seventy,6,1346,10:16,6,https://www.churchofjesuschrist.org/study/general-conference/2018/04/until-seventy-times-seven,"Amid a life full of stumbling blocks and imperfection, we all are grateful for second chances."
Prophets Speak by the Power of the Holy Spirit,Ulisses Soares,sunday-afternoon,2018-04-08 00:00:00.000,April,2018,April 2018,Of the Quorum of the Twelve Apostles,2,765,5:24,6,https://www.churchofjesuschrist.org/study/general-conference/2018/04/prophets-speak-by-the-power-of-the-holy-spirit,Having prophets is a sign of God’s love for His children. They make known the promises and the true nature of God and of Jesus Christ.
The Needs before Us,Bonnie L. Oscarson,saturday-morning,2017-10-07 00:00:00.000,October,2017,October 2017,Young Women General President,2,1842,,6,https://www.churchofjesuschrist.org/study/general-conference/2017/10/the-needs-before-us,"Some of the most significant needs we can meet are within our own families, among our friends, in our wards, and in our communities."
Earning the Trust of the Lord and Your Family,Richard J. Maynes,priesthood,2017-10-07 00:00:00.000,October,2017,October 2017,Of the Seventy,3,1653,11:32,6,https://www.churchofjesuschrist.org/study/general-conference/2017/10/earning-the-trust-of-the-lord-and-your-family,Men who have “integrity of heart” are men to be trusted—because trust is built on integrity.
Our Good Shepherd,Dale G. Renlund,saturday-morning,2017-04-01 00:00:00.000,April,2017,April 2017,Of the Quorum of the Twelve Apostles,4,1809,15:21,6,https://www.churchofjesuschrist.org/study/general-conference/2017/04/our-good-shepherd,"Jesus Christ, our Good Shepherd, finds joy in seeing His diseased sheep progress toward healing."
The Master Healer,Carole M. Stephens,womens,2016-09-24 00:00:00.000,October,2016,October 2016,First Counselor in the Relief Society General Presidency,2,1672,,6,https://www.churchofjesuschrist.org/study/general-conference/2016/10/the-master-healer,"You don’t have to experience the sorrow caused by sin, the pain caused by others’ actions, or the painful realities of mortality—alone."
"Look to the Book, Look to the Lord",Gary E. Stevenson,saturday-afternoon,2016-10-01 00:00:00.000,October,2016,October 2016,Of the Quorum of the Twelve Apostles,2,2201,,6,https://www.churchofjesuschrist.org/study/general-conference/2016/10/look-to-the-book-look-to-the-lord,"Can you see the Book of Mormon as your keystone, your spiritual center of strength?"
I Am a Child of God,Donald L. Hallstrom,saturday-morning,2016-04-02 00:00:00.000,April,2016,April 2016,Of the Presidency of the Seventy,3,1440,11:39,6,https://www.churchofjesuschrist.org/study/general-conference/2016/04/i-am-a-child-of-god,A correct understanding of our heavenly heritage is essential to exaltation.
That They Do Always Remember Him,Claudio R. M. Costa,sunday-morning,2015-10-04 00:00:00.000,October,2015,October 2015,Of the Seventy,7,1516,10:46,6,https://www.churchofjesuschrist.org/study/general-conference/2015/10/that-they-do-always-remember-him,I love to study and ponder the life of Him who gave everything for me and for all of us.
We’ll Ascend Together,Linda K. Burton,saturday-morning,2015-04-04 00:00:00.000,April,2015,April 2015,Relief Society General President,3,1858,11:17,6,https://www.churchofjesuschrist.org/study/general-conference/2015/04/well-ascend-together,"As covenant-keeping women and men, we need to lift each other and help each other become the people the Lord would have us become."
Choose to Believe,L. Whitney Clayton,saturday-morning,2015-04-04 00:00:00.000,April,2015,April 2015,Of the Presidency of the Seventy,5,1669,11:27,6,https://www.churchofjesuschrist.org/study/general-conference/2015/04/choose-to-believe,The Savior provides His gospel as a light to guide those who choose to believe in and follow Him.
The Joyful Burden of Discipleship,Ronald A. Rasband,saturday-morning,2014-04-05 00:00:00.000,April,2014,April 2014,Of the Presidency of the Seventy,3,1418,,6,https://www.churchofjesuschrist.org/study/general-conference/2014/04/the-joyful-burden-of-discipleship,To sustain our leaders is a privilege; it comes coupled with a personal responsibility to share their burden and to be disciples of the Lord.
I Know It. I Live It. I Love It.,Ann M. Dibb,saturday-morning,2012-10-06 00:00:00.000,October,2012,October 2012,Second Counselor in the Young Women General Presidency,3,1434,11:16,6,https://www.churchofjesuschrist.org/study/general-conference/2012/10/i-know-it-i-live-it-i-love-it,"We are followers of our Savior, Jesus Christ. Such conversion and confidence is the result of diligent and deliberate effort. It is individual. It is the process of a lifetime."
Cleave unto the Covenants,Barbara Thompson,relief-society,2011-09-24 00:00:00.000,October,2011,October 2011,Second Counselor in the Relief Society General Presidency,3,1774,12:25,6,https://www.churchofjesuschrist.org/study/general-conference/2011/10/cleave-unto-the-covenants,"As we have faith in Christ and cleave unto our covenants, we will receive the joy spoken of in the holy scriptures and promised by our latter-day prophets."
The Essence of Discipleship,Silvia H. Allred,sunday-morning,2011-04-03 00:00:00.000,April,2011,April 2011,First Counselor in the Relief Society General Presidency,4,1541,10:48,6,https://www.churchofjesuschrist.org/study/general-conference/2011/04/the-essence-of-discipleship,"When love becomes the guiding principle in our care for others, our service to them becomes the gospel in action."
“Remember This: Kindness Begins with Me”,Mary N. Cook,young-women,2011-03-26 00:00:00.000,April,2011,April 2011,First Counselor in the Young Women General Presidency,2,1743,11:30,6,https://www.churchofjesuschrist.org/study/general-conference/2011/04/remember-this-kindness-begins-with-me,"Benevolence can bring joy and unity to your home, your class, your ward, and your school."
Hosanna and Hallelujah—The Living Jesus Christ: The Heart of Restoration and Easter,Gerrit W. Gong,saturday-evening,2020-04-04 00:00:00.000,April,2020,April 2020,Of the Quorum of the Twelve Apostles,1,1828,14:56,7,https://www.churchofjesuschrist.org/study/general-conference/2020/04/31gong,"At this season of hosanna and hallelujah, sing hallelujah—for He shall reign forever and ever!"
One in Christ,Ulisses Soares,saturday-afternoon,2018-10-06 00:00:00.000,October,2018,October 2018,Of the Quorum of the Twelve Apostles,3,1950,14:36,7,https://www.churchofjesuschrist.org/study/general-conference/2018/10/one-in-christ,"My beloved companions in the work of the Lord, I believe we can do much better and should do better in welcoming new friends into the Church."
Young Women in the Work,Bonnie L. Oscarson,saturday-afternoon,2018-04-07 00:00:00.000,April,2018,April 2018,Recently Released Young Women General President,3,1593,,7,https://www.churchofjesuschrist.org/study/general-conference/2018/04/young-women-in-the-work,"Every young woman in the Church should feel valued, have opportunities to serve, and feel that she has something of worth to contribute to this work."
The Priesthood and the Savior’s Atoning Power,Dale G. Renlund,priesthood,2017-10-07 00:00:00.000,October,2017,October 2017,Of the Quorum of the Twelve Apostles,1,1830,15:54,7,https://www.churchofjesuschrist.org/study/general-conference/2017/10/the-priesthood-and-the-saviors-atoning-power,"For Heavenly Father’s purposes to be accomplished, Christ’s atoning power needs to be made available to God’s children. The priesthood delivers these opportunities."
Has the Day of Miracles Ceased?,Donald L. Hallstrom,sunday-morning,2017-10-08 00:00:00.000,October,2017,October 2017,Of the Seventy,2,1267,,7,https://www.churchofjesuschrist.org/study/general-conference/2017/10/has-the-day-of-miracles-ceased,Our supreme focus should be on the spiritual miracles that are available to all of God’s children.
"Whatsoever He Saith unto You, Do It",L. Whitney Clayton,sunday-morning,2017-04-02 00:00:00.000,April,2017,April 2017,Of the Presidency of the Seventy,5,1537,12:46,7,https://www.churchofjesuschrist.org/study/general-conference/2017/04/whatsoever-he-saith-unto-you-do-it,"When we decide to do “whatsoever [God] saith unto” us, we earnestly commit to align our everyday behavior with God’s will."
How Does the Holy Ghost Help You?,Gary E. Stevenson,sunday-afternoon,2017-04-02 00:00:00.000,April,2017,April 2017,Of the Quorum of the Twelve Apostles,4,2195,15:25,7,https://www.churchofjesuschrist.org/study/general-conference/2017/04/how-does-the-holy-ghost-help-you,"The Holy Ghost warns, the Holy Ghost comforts, and the Holy Ghost testifies."
“I Was a Stranger”,Linda K. Burton,womens,2016-03-26 00:00:00.000,April,2016,April 2016,Relief Society General President,3,1519,10:16,7,https://www.churchofjesuschrist.org/study/general-conference/2016/04/i-was-a-stranger,Prayerfully determine what you can do—according to your own time and circumstance—to serve the refugees living in your neighborhoods and communities.
I Stand All Amazed,Ronald A. Rasband,sunday-morning,2015-10-04 00:00:00.000,October,2015,October 2015,Of the Quorum of the Twelve Apostles,2,899,,7,https://www.churchofjesuschrist.org/study/general-conference/2015/10/i-stand-all-amazed,My testimony of Jesus Christ has been built from many special experiences in which I have come to know His great love for each one of us.
Your Holy Places,Ann M. Dibb,young-women,2013-03-30 00:00:00.000,April,2013,April 2013,Second Counselor in the Young Women General Presidency,1,1553,,7,https://www.churchofjesuschrist.org/study/general-conference/2013/04/your-holy-places,"Whether [your holy places] are geographic or moments in time, they are equally sacred and have incredible strengthening power."
Seek Learning: You Have a Work to Do,Mary N. Cook,young-women,2012-03-31 00:00:00.000,April,2012,April 2012,First Counselor in the Young Women General Presidency,2,1756,11:28,7,https://www.churchofjesuschrist.org/study/general-conference/2012/04/seek-learning-you-have-a-work-to-do,Bless your children and your future home by learning as much as you can now.
Personal Revelation and Testimony,Barbara Thompson,saturday-morning,2011-10-01 00:00:00.000,October,2011,October 2011,Second Counselor in the Relief Society General Presidency,2,1418,9:55,7,https://www.churchofjesuschrist.org/study/general-conference/2011/10/personal-revelation-and-testimony,"If we diligently keep the commandments and ask in faith, answers will come in the Lord’s own way and in His time."
Charity Never Faileth,Silvia H. Allred,relief-society,2011-09-24 00:00:00.000,October,2011,October 2011,First Counselor in the Relief Society General Presidency,2,1717,12:53,7,https://www.churchofjesuschrist.org/study/general-conference/2011/10/charity-never-faileth,"Plead for a desire to be filled with the gift of charity, the pure love of Christ."
"All Nations, Kindreds, and Tongues",Gerrit W. Gong,saturday-afternoon,2020-10-03 00:00:00.000,October,2020,October 2020,Of the Quorum of the Twelve Apostles,3,1888,14:56,8,https://www.churchofjesuschrist.org/study/general-conference/2020/10/24gong,"We can become, in our own way, part of the fulfillment of the Lord’s prophecies and promises—part of the gospel blessing the world."
The Finest Homes,L. Whitney Clayton,sunday-afternoon,2020-04-05 00:00:00.000,April,2020,April 2020,Of the Presidency of the Seventy,5,1549,11:15,8,https://www.churchofjesuschrist.org/study/general-conference/2020/04/55clayton,"The Savior is the perfect engineer, builder, and interior designer. His project is the perfection and eternal joy of our souls﻿."
How Can I Understand?,Ulisses Soares,saturday-morning,2019-04-06 00:00:00.000,April,2019,April 2019,Of the Quorum of the Twelve Apostles,1,1906,15:12,8,https://www.churchofjesuschrist.org/study/general-conference/2019/04/11soares,"When we earnestly, heartily, firmly, and sincerely seek to learn the gospel of Jesus Christ and teach it to one another, these teachings may transform hearts."
Family History and Temple Work: Sealing and Healing,Dale G. Renlund,saturday-afternoon,2018-04-07 00:00:00.000,April,2018,April 2018,Of the Quorum of the Twelve Apostles,6,1818,14:43,8,https://www.churchofjesuschrist.org/study/general-conference/2018/04/family-history-and-temple-work-sealing-and-healing,"When we gather our family histories and go to the temple on behalf of our ancestors, God fulfills promised blessings simultaneously on both sides of the veil."
Spiritual Eclipse,Gary E. Stevenson,saturday-afternoon,2017-10-07 00:00:00.000,October,2017,October 2017,Of the Quorum of the Twelve Apostles,1,2147,15:12,8,https://www.churchofjesuschrist.org/study/general-conference/2017/10/spiritual-eclipse,Don’t let life’s distractions eclipse heaven’s light.
Certain Women,Linda K. Burton,womens,2017-03-25 00:00:00.000,April,2017,April 2017,Relief Society General President,3,1551,11:49,8,https://www.churchofjesuschrist.org/study/general-conference/2017/04/certain-women,Certain women are disciples centered in the Savior Jesus Christ and have hope through the promise of His atoning sacrifice.
Standing with the Leaders of the Church,Ronald A. Rasband,saturday-afternoon,2016-04-02 00:00:00.000,April,2016,April 2016,Of the Quorum of the Twelve Apostles,1,1880,,8,https://www.churchofjesuschrist.org/study/general-conference/2016/04/standing-with-the-leaders-of-the-church,Are you standing with the leaders of the Church in a darkening world so that you might spread the Light of Christ?
"When You Save a Girl, You Save Generations",Mary N. Cook,young-women,2013-03-30 00:00:00.000,April,2013,April 2013,First Counselor in the Young Women General Presidency,2,1886,,8,https://www.churchofjesuschrist.org/study/general-conference/2013/04/when-you-save-a-girl-you-save-generations,"Your virtuous lives will bless your ancestors, your families now, and family members yet to come."
We Follow Jesus Christ,Quentin L. Cook,sunday-morning,2010-04-04 00:00:00.000,April,2010,April 2010,Of the Quorum of the Twelve Apostles,5,2182,,8,https://www.churchofjesuschrist.org/study/general-conference/2010/04/we-follow-jesus-christ,We rejoice in all the Savior has done for us. He has made it possible for each of us to gain our salvation and exaltation.
Tell Me the Stories of Jesus,Neil L. Andersen,sunday-afternoon,2010-04-04 00:00:00.000,April,2010,April 2010,Of the Quorum of the Twelve Apostles,7,1877,15:46,8,https://www.churchofjesuschrist.org/study/general-conference/2010/04/tell-me-the-stories-of-jesus,A stronger personal faith in Jesus Christ will prepare [your children] for the challenges they will most surely face.
Take Up Our Cross,Ulisses Soares,sunday-afternoon,2019-10-06 00:00:00.000,October,2019,October 2019,Of the Quorum of the Twelve Apostles,5,1879,14:48,9,https://www.churchofjesuschrist.org/study/general-conference/2019/10/55soares,Taking upon yourselves your crosses and following the Savior means continuing with faith on the Lord’s path and not indulging in worldly habits.
Choose You This Day,Dale G. Renlund,sunday-afternoon,2018-10-07 00:00:00.000,October,2018,October 2018,Of the Quorum of the Twelve Apostles,5,1797,13:49,9,https://www.churchofjesuschrist.org/study/general-conference/2018/10/choose-you-this-day,The magnitude of our eternal happiness depends on choosing the living God and joining Him in His work.
The Heart of a Prophet,Gary E. Stevenson,saturday-morning,2018-04-07 00:00:00.000,April,2018,April 2018,Of the Quorum of the Twelve Apostles,5,2129,,9,https://www.churchofjesuschrist.org/study/general-conference/2018/04/the-heart-of-a-prophet,We can rejoice that the Lord’s prophet is in place and that the Lord’s work is being done in the way that He has divinely prescribed.
Lest Thou Forget,Ronald A. Rasband,sunday-afternoon,2016-10-02 00:00:00.000,October,2016,October 2016,Of the Quorum of the Twelve Apostles,4,1939,15:53,9,https://www.churchofjesuschrist.org/study/general-conference/2016/10/lest-thou-forget,"I encourage you to recall, especially in times of crisis, when you felt the Spirit and your testimony was strong; remember the spiritual foundations you have built."
Let There Be Light!,Quentin L. Cook,saturday-afternoon,2010-10-02 00:00:00.000,October,2010,October 2010,Of the Quorum of the Twelve Apostles,2,2159,14:31,9,https://www.churchofjesuschrist.org/study/general-conference/2010/10/let-there-be-light,"In our increasingly unrighteous world, it is essential that values based on religious belief be part of the public discourse."
Never Leave Him,Neil L. Andersen,saturday-afternoon,2010-10-02 00:00:00.000,October,2010,October 2010,Of the Quorum of the Twelve Apostles,6,1853,15:18,9,https://www.churchofjesuschrist.org/study/general-conference/2010/10/never-leave-him,"As you choose not to be offended or ashamed, you will feel His love and approval. You will know that you are becoming more like Him."
The Coming Forth of the Book of Mormon,Ulisses Soares,saturday-afternoon,2020-04-04 00:00:00.000,April,2020,April 2020,Of the Quorum of the Twelve Apostles,1,2170,17:12,10,https://www.churchofjesuschrist.org/study/general-conference/2020/04/23soares,The historical facts and the special witnesses of the Book of Mormon testify that its coming forth was indeed miraculous.
Abound with Blessings,Dale G. Renlund,sunday-morning,2019-04-07 00:00:00.000,April,2019,April 2019,Of the Quorum of the Twelve Apostles,1,1816,15:10,10,https://www.churchofjesuschrist.org/study/general-conference/2019/04/41renlund,Most blessings that God desires to give us require action on our part—action based on our faith in Jesus Christ.
Shepherding Souls,Gary E. Stevenson,sunday-afternoon,2018-10-07 00:00:00.000,October,2018,October 2018,Of the Quorum of the Twelve Apostles,7,2067,15:11,10,https://www.churchofjesuschrist.org/study/general-conference/2018/10/shepherding-souls,We reach out in love to others because it is what our Savior commanded us to do.
Let the Holy Spirit Guide,Ronald A. Rasband,sunday-morning,2017-04-02 00:00:00.000,April,2017,April 2017,Of the Quorum of the Twelve Apostles,4,1981,15:43,10,https://www.churchofjesuschrist.org/study/general-conference/2017/04/let-the-holy-spirit-guide,"By divine assignment, the Holy Ghost inspires, testifies, teaches, and prompts us to walk in the light of the Lord."
LDS Women Are Incredible!,Quentin L. Cook,saturday-morning,2011-04-02 00:00:00.000,April,2011,April 2011,Of the Quorum of the Twelve Apostles,6,2377,16:18,10,https://www.churchofjesuschrist.org/study/general-conference/2011/04/lds-women-are-incredible,Much of what we accomplish in the Church is due to the selfless service of women.
Preparing the World for the Second Coming,Neil L. Andersen,priesthood,2011-04-02 00:00:00.000,April,2011,April 2011,Of the Quorum of the Twelve Apostles,1,1925,15:32,10,https://www.churchofjesuschrist.org/study/general-conference/2011/04/preparing-the-world-for-the-second-coming,Your mission will be a sacred opportunity to bring others to Christ and help prepare for the Second Coming of the Savior.
Our Path of Duty,Keith B. McMullin,saturday-morning,2010-04-03 00:00:00.000,April,2010,April 2010,Second Counselor in the Presiding Bishopric,4,1467,11:11,10,https://www.churchofjesuschrist.org/study/general-conference/2010/04/our-path-of-duty,"Duty does not require perfection, but it does require diligence. It is not simply what is legal; it is what is virtuous."
Seek Christ in Every Thought,Ulisses Soares,sunday-morning,2020-10-04 00:00:00.000,October,2020,October 2020,Of the Quorum of the Twelve Apostles,3,1770,14:47,11,https://www.churchofjesuschrist.org/study/general-conference/2020/10/43soares,Fighting against temptation takes a lifetime of diligence and faithfulness. But please know that the Lord is ready to assist us.
Unwavering Commitment to Jesus Christ,Dale G. Renlund,saturday-morning,2019-10-05 00:00:00.000,October,2019,October 2019,Of the Quorum of the Twelve Apostles,6,1728,13:52,11,https://www.churchofjesuschrist.org/study/general-conference/2019/10/16renlund,God invites us to cast our old ways completely out of reach and begin a new life in Christ.
Your Priesthood Playbook,Gary E. Stevenson,priesthood,2019-04-06 00:00:00.000,April,2019,April 2019,Of the Quorum of the Twelve Apostles,1,2202,15:21,11,https://www.churchofjesuschrist.org/study/general-conference/2019/04/31stevenson,Create your own playbook of how you will prove yourself as a disciple of Christ.
By Divine Design,Ronald A. Rasband,saturday-afternoon,2017-10-07 00:00:00.000,October,2017,October 2017,Of the Quorum of the Twelve Apostles,4,1878,14:52,11,https://www.churchofjesuschrist.org/study/general-conference/2017/10/by-divine-design,"The Lord’s hand is guiding you. By “divine design,” He is in the small details of your life as well as the major milestones."
Children,Neil L. Andersen,saturday-afternoon,2011-10-01 00:00:00.000,October,2011,October 2011,Of the Quorum of the Twelve Apostles,2,1861,15:49,11,https://www.churchofjesuschrist.org/study/general-conference/2011/10/children,I testify of the great blessing of children and of the happiness they will bring us in this life and in the eternities.
The Power of the Aaronic Priesthood,Keith B. McMullin,priesthood,2011-10-01 00:00:00.000,October,2011,October 2011,Second Counselor in the Presiding Bishopric,2,1513,11:30,11,https://www.churchofjesuschrist.org/study/general-conference/2011/10/the-power-of-the-aaronic-priesthood,You and the Aaronic Priesthood office you hold are essential to Heavenly Father’s work with His children and the preparation of this earth for the Second Coming.
The Songs They Could Not Sing,Quentin L. Cook,sunday-afternoon,2011-10-02 00:00:00.000,October,2011,October 2011,Of the Quorum of the Twelve Apostles,7,2129,,11,https://www.churchofjesuschrist.org/study/general-conference/2011/10/the-songs-they-could-not-sing,"While we do not know all the answers, we do know important principles that allow us to face tragedies with faith and confidence."
The Blessing of Scripture,D. Todd Christofferson,saturday-afternoon,2010-04-03 00:00:00.000,April,2010,April 2010,Of the Quorum of the Twelve Apostles,2,2221,15:37,11,https://www.churchofjesuschrist.org/study/general-conference/2010/04/the-blessing-of-scripture,"The central purpose of all scripture is to fill our souls with faith in God the Father and in His Son, Jesus Christ."
Remember Who You Are!,Elaine S. Dalton,young-women,2010-03-27 00:00:00.000,April,2010,April 2010,Young Women General President,3,2016,14:28,11,https://www.churchofjesuschrist.org/study/general-conference/2010/04/remember-who-you-are,"There is no more beautiful sight than a young woman who glows with the light of the Spirit, who is confident and courageous because she is virtuous."
Consider the Goodness and Greatness of God,Dale G. Renlund,saturday-afternoon,2020-04-04 00:00:00.000,April,2020,April 2020,Of the Quorum of the Twelve Apostles,4,1904,14:40,12,https://www.churchofjesuschrist.org/study/general-conference/2020/04/26renlund,I invite you to remember each day the greatness of Heavenly Father and Jesus Christ and what They have done for you.
Deceive Me Not,Gary E. Stevenson,sunday-morning,2019-10-06 00:00:00.000,October,2019,October 2019,Of the Quorum of the Twelve Apostles,5,1971,15:14,12,https://www.churchofjesuschrist.org/study/general-conference/2019/10/45stevenson,"As we obey God’s commandments, we will always be led in the right way and will not be deceived."
Behold! A Royal Army,Ronald A. Rasband,priesthood,2018-04-07 00:00:00.000,April,2018,April 2018,Of the Quorum of the Twelve Apostles,4,1676,13:26,12,https://www.churchofjesuschrist.org/study/general-conference/2018/04/behold-a-royal-army,"What a joy it will be for all Melchizedek Priesthood holders to have the blessing of teaching, learning, and serving shoulder to shoulder."
In Tune with the Music of Faith,Quentin L. Cook,saturday-afternoon,2012-04-07 00:00:00.000,April,2012,April 2012,Of the Quorum of the Twelve Apostles,5,2054,14:53,12,https://www.churchofjesuschrist.org/study/general-conference/2012/04/in-tune-with-the-music-of-faith,God loves all His children. He wants all of them to return to Him. He desires everyone to be in tune with the sacred music of faith.
What Thinks Christ of Me?,Neil L. Andersen,sunday-afternoon,2012-04-08 00:00:00.000,April,2012,April 2012,Of the Quorum of the Twelve Apostles,7,1778,14:49,12,https://www.churchofjesuschrist.org/study/general-conference/2012/04/what-thinks-christ-of-me,"As you love Him, trust Him, believe Him, and follow Him, you will feel His love and approval."
Guardians of Virtue,Elaine S. Dalton,young-women,2011-03-26 00:00:00.000,April,2011,April 2011,Young Women General President,3,2151,,12,https://www.churchofjesuschrist.org/study/general-conference/2011/04/guardians-of-virtue,Prepare now so that you may qualify to receive all the blessings that await you in the Lord’s holy temples.
Reflections on a Consecrated Life,D. Todd Christofferson,saturday-morning,2010-10-02 00:00:00.000,October,2010,October 2010,Of the Quorum of the Twelve Apostles,6,2198,16:20,12,https://www.churchofjesuschrist.org/study/general-conference/2010/10/reflections-on-a-consecrated-life,"True success in this life comes in consecrating our lives—that is, our time and choices—to God’s purposes."
“And upon the Handmaids in Those Days Will I Pour Out My Spirit”,Julie B. Beck,saturday-morning,2010-04-03 00:00:00.000,April,2010,April 2010,Relief Society General President,3,1499,10:46,12,https://www.churchofjesuschrist.org/study/general-conference/2010/04/and-upon-the-handmaids-in-those-days-will-i-pour-out-my-spirit,"We know we are successful if we live so that we qualify for, receive, and know how to follow the Spirit."
Watching with All Perseverance,David A. Bednar,saturday-afternoon,2010-04-03 00:00:00.000,April,2010,April 2010,Of the Quorum of the Twelve Apostles,5,2070,15:55,12,https://www.churchofjesuschrist.org/study/general-conference/2010/04/watching-with-all-perseverance,A spiritual early warning system … can help parents in Zion to be watchful and discerning concerning their children.
"Do Justly, Love Mercy, and Walk Humbly with God",Dale G. Renlund,sunday-afternoon,2020-10-04 00:00:00.000,October,2020,October 2020,Of the Quorum of the Twelve Apostles,5,1707,13:27,13,https://www.churchofjesuschrist.org/study/general-conference/2020/10/55renlund,To do justly means acting honorably. We act honorably with God by walking humbly with Him. We act honorably with others by loving mercy.
A Good Foundation against the Time to Come,Gary E. Stevenson,saturday-afternoon,2020-04-04 00:00:00.000,April,2020,April 2020,Of the Quorum of the Twelve Apostles,6,2194,16:23,13,https://www.churchofjesuschrist.org/study/general-conference/2020/04/28stevenson,"During the coming years, may we allow the improvements made to the Salt Lake Temple to move and inspire us."
Be Not Troubled,Ronald A. Rasband,saturday-morning,2018-10-06 00:00:00.000,October,2018,October 2018,Of the Quorum of the Twelve Apostles,5,1906,15:42,13,https://www.churchofjesuschrist.org/study/general-conference/2018/10/be-not-troubled,"Take heart, brothers and sisters. Yes, we live in perilous times, but as we stay on the covenant path, we need not fear."
Can Ye Feel So Now?,Quentin L. Cook,saturday-morning,2012-10-06 00:00:00.000,October,2012,October 2012,Of the Quorum of the Twelve Apostles,2,2177,15:46,13,https://www.churchofjesuschrist.org/study/general-conference/2012/10/can-ye-feel-so-now,Some in the Church believe they can’t answer Alma’s question with a resounding yes. They do not “feel so now.”
Trial of Your Faith,Neil L. Andersen,saturday-afternoon,2012-10-06 00:00:00.000,October,2012,October 2012,Of the Quorum of the Twelve Apostles,6,2015,14:56,13,https://www.churchofjesuschrist.org/study/general-conference/2012/10/trial-of-your-faith,"Like the intense fire that transforms iron into steel, as we remain faithful during the fiery trial ofourfaith, we are spiritually refined and strengthened."
Love Her Mother,Elaine S. Dalton,sunday-morning,2011-10-02 00:00:00.000,October,2011,October 2011,Young Women General President,4,1547,10:51,13,https://www.churchofjesuschrist.org/study/general-conference/2011/10/love-her-mother,"How can a father raise a happy, well-adjusted daughter in today’s increasingly toxic world? The answer has been taught by the Lord’s prophets."
"“As Many as I Love, I Rebuke and Chasten”",D. Todd Christofferson,sunday-afternoon,2011-04-03 00:00:00.000,April,2011,April 2011,Of the Quorum of the Twelve Apostles,2,2190,14:58,13,https://www.churchofjesuschrist.org/study/general-conference/2011/04/as-many-as-i-love-i-rebuke-and-chasten,The very experience of enduring chastening can refine us and prepare us for greater spiritual privileges.
Faith—the Choice Is Yours,Richard C. Edgley,saturday-afternoon,2010-10-02 00:00:00.000,October,2010,October 2010,First Counselor in the Presiding Bishopric,3,1268,9:27,13,https://www.churchofjesuschrist.org/study/general-conference/2010/10/faith-the-choice-is-yours,"Choose faith over doubt, choose faith over fear, choose faith over the unknown and the unseen, and choose faith over pessimism."
Receive the Holy Ghost,David A. Bednar,sunday-afternoon,2010-10-03 00:00:00.000,October,2010,October 2010,Of the Quorum of the Twelve Apostles,2,2067,15:29,13,https://www.churchofjesuschrist.org/study/general-conference/2010/10/receive-the-holy-ghost,"These four words—“Receive the Holy Ghost”—are not a passive pronouncement; rather, they constitute a priesthood injunction—an authoritative admonition to act and not simply to be acted upon."
“Daughters in My Kingdom”: The History and Work of Relief Society,Julie B. Beck,relief-society,2010-09-25 00:00:00.000,October,2010,October 2010,Relief Society General President,1,2204,16:58,13,https://www.churchofjesuschrist.org/study/general-conference/2010/10/daughters-in-my-kingdom-the-history-and-work-of-relief-society,"Studying the history of Relief Society gives definition and expression to who we are as disciples and followers of our Savior, Jesus Christ."
Highly Favored of the Lord,Gary E. Stevenson,sunday-afternoon,2020-10-04 00:00:00.000,October,2020,October 2020,Of the Quorum of the Twelve Apostles,3,1860,,14,https://www.churchofjesuschrist.org/study/general-conference/2020/10/53stevenson,"Times of affliction and disappointment do not change the watchful eye of the Lord as He favorably looks upon us, blessing us."
Build a Fortress of Spirituality and Protection,Ronald A. Rasband,sunday-afternoon,2019-04-07 00:00:00.000,April,2019,April 2019,Of the Quorum of the Twelve Apostles,6,1860,15:58,14,https://www.churchofjesuschrist.org/study/general-conference/2019/04/56rasband,"When we live the gospel of Jesus Christ, when we draw upon the Savior’s Atonement and press forward with faith, we are fortified against the adversary."
Personal Peace: The Reward of Righteousness,Quentin L. Cook,saturday-afternoon,2013-04-06 00:00:00.000,April,2013,April 2013,Of the Quorum of the Twelve Apostles,2,2093,15:58,14,https://www.churchofjesuschrist.org/study/general-conference/2013/04/personal-peace-the-reward-of-righteousness,"Even with the trials of life, because of the Savior’s Atonement and His grace, righteous living will be rewarded with personal peace."
It’s a Miracle,Neil L. Andersen,sunday-morning,2013-04-07 00:00:00.000,April,2013,April 2013,Of the Quorum of the Twelve Apostles,2,1845,15:53,14,https://www.churchofjesuschrist.org/study/general-conference/2013/04/its-a-miracle,"If you’re not a full-time missionary with a missionary badge pinned on your coat, now is the time to paint one on your heart—painted, as Paul said, “not with ink, but with the Spirit of the living God.”"
The Rescue for Real Growth,Richard C. Edgley,priesthood,2012-04-07 00:00:00.000,April,2012,April 2012,Recently Released First Counselor in the Presiding Bishopric,2,1546,11:26,14,https://www.churchofjesuschrist.org/study/general-conference/2012/04/the-rescue-for-real-growth,Saving souls is the work the Savior has called all of us to do.
Now Is the Time to Arise and Shine!,Elaine S. Dalton,young-women,2012-03-31 00:00:00.000,April,2012,April 2012,Young Women General President,3,1994,14:11,14,https://www.churchofjesuschrist.org/study/general-conference/2012/04/now-is-the-time-to-arise-and-shine,"As daughters of God, you were born to lead."
The Divine Gift of Repentance,D. Todd Christofferson,saturday-afternoon,2011-10-01 00:00:00.000,October,2011,October 2011,Of the Quorum of the Twelve Apostles,6,2140,15:23,14,https://www.churchofjesuschrist.org/study/general-conference/2011/10/the-divine-gift-of-repentance,Only through repentance do we gain access to the atoning grace of Jesus Christ.
What I Hope My Granddaughters (and Grandsons) Will Understand about Relief Society,Julie B. Beck,relief-society,2011-09-24 00:00:00.000,October,2011,October 2011,Relief Society General President,1,2429,17:27,14,https://www.churchofjesuschrist.org/study/general-conference/2011/10/what-i-hope-my-granddaughters-and-grandsons-will-understand-about-relief-society,"From the day the gospel began to be restored in this dispensation, the Lord has needed faithful women to participate as His disciples."
The Sanctifying Work of Welfare,H. David Burton,sunday-morning,2011-04-03 00:00:00.000,April,2011,April 2011,Presiding Bishop,3,1616,14:35,14,https://www.churchofjesuschrist.org/study/general-conference/2011/04/the-sanctifying-work-of-welfare,"The work of caring for one another and being “kind to the poor” is a sanctifying work, commanded of the Father."
The Spirit of Revelation,David A. Bednar,sunday-morning,2011-04-03 00:00:00.000,April,2011,April 2011,Of the Quorum of the Twelve Apostles,5,2128,,14,https://www.churchofjesuschrist.org/study/general-conference/2011/04/the-spirit-of-revelation,The spirit of revelation is real—and can and does function in our individual lives and in the Church.
Standing by Our Promises and Covenants,Ronald A. Rasband,saturday-afternoon,2019-10-05 00:00:00.000,October,2019,October 2019,Of the Quorum of the Twelve Apostles,8,1823,14:39,15,https://www.churchofjesuschrist.org/study/general-conference/2019/10/29rasband,"I invite you to consider the promises and covenants you make with the Lord, and with others, with great integrity, knowing that your word is your bond."
Lamentations of Jeremiah: Beware of Bondage,Quentin L. Cook,sunday-afternoon,2013-10-06 00:00:00.000,October,2013,October 2013,Of the Quorum of the Twelve Apostles,1,2027,14:32,15,https://www.churchofjesuschrist.org/study/general-conference/2013/10/lamentations-of-jeremiah-beware-of-bondage,"Our challenge is to avoid bondage of any kind, help the Lord gather His elect, and sacrifice for the rising generation."
Power in the Priesthood,Neil L. Andersen,sunday-afternoon,2013-10-06 00:00:00.000,October,2013,October 2013,Of the Quorum of the Twelve Apostles,2,1849,14:56,15,https://www.churchofjesuschrist.org/study/general-conference/2013/10/power-in-the-priesthood,"A man may open the drapes so the warm sunlight comes into the room, but the man does not own the sun or the light or the warmth it brings."
Be Not Moved!,Elaine S. Dalton,young-women,2013-03-30 00:00:00.000,April,2013,April 2013,Young Women General President,3,1930,14:51,15,https://www.churchofjesuschrist.org/study/general-conference/2013/04/be-not-moved,Stand firm. Be steadfast. “Stand for truth and righteousness.” Stand as a witness. Be a standard to the world. Stand in holy places.
"The Vision of Prophets regarding Relief Society: Faith, Family, Relief",Julie B. Beck,sunday-morning,2012-04-08 00:00:00.000,April,2012,April 2012,Recently Released Relief Society General President,4,1440,10:32,15,https://www.churchofjesuschrist.org/study/general-conference/2012/04/the-vision-of-prophets-regarding-relief-society-faith-family-relief,"Faith, family, and relief—these three simple words have come to express the vision of prophets for sisters in the Church."
The Doctrine of Christ,D. Todd Christofferson,sunday-morning,2012-04-08 00:00:00.000,April,2012,April 2012,Of the Quorum of the Twelve Apostles,5,2177,15:15,15,https://www.churchofjesuschrist.org/study/general-conference/2012/04/the-doctrine-of-christ,"In the Church today, just as anciently, establishing the doctrine of Christ or correcting doctrinal deviations is a matter of divine revelation."
The Hearts of the Children Shall Turn,David A. Bednar,saturday-afternoon,2011-10-01 00:00:00.000,October,2011,October 2011,Of the Quorum of the Twelve Apostles,1,2147,15:55,15,https://www.churchofjesuschrist.org/study/general-conference/2011/10/the-hearts-of-the-children-shall-turn,I invite the young people of the Church to learn about and experience the Spirit of Elijah.
Fulfillment of Prophecy,Ronald A. Rasband,sunday-morning,2020-04-05 00:00:00.000,April,2020,April 2020,Of the Quorum of the Twelve Apostles,1,1833,,16,https://www.churchofjesuschrist.org/study/general-conference/2020/04/41rasband,The prophecies that have been fulfilled by the Restoration of the fulness of the gospel of Jesus Christ are many.
Spiritual Whirlwinds,Neil L. Andersen,saturday-morning,2014-04-05 00:00:00.000,April,2014,April 2014,Of the Quorum of the Twelve Apostles,6,1924,15:54,16,https://www.churchofjesuschrist.org/study/general-conference/2014/04/spiritual-whirlwinds,Don’t let the whirlwinds drag you down. These are your days—to stand strong as disciples of the Lord Jesus Christ.
Roots and Branches,Quentin L. Cook,saturday-afternoon,2014-04-05 00:00:00.000,April,2014,April 2014,Of the Quorum of the Twelve Apostles,6,2076,16:24,16,https://www.churchofjesuschrist.org/study/general-conference/2014/04/roots-and-branches,Hastening family history and temple work in our day is essential for the salvation and exaltation of families.
We Are Daughters of Our Heavenly Father,Elaine S. Dalton,saturday-morning,2013-04-06 00:00:00.000,April,2013,April 2013,Recently Released Young Women General President,4,1539,11:33,16,https://www.churchofjesuschrist.org/study/general-conference/2013/04/we-are-daughters-of-our-heavenly-father,As daughters of God we are each unique and different in our circumstances and experiences. And yet our part matters—because we matter.
"Brethren, We Have Work to Do",D. Todd Christofferson,priesthood,2012-10-06 00:00:00.000,October,2012,October 2012,Of the Quorum of the Twelve Apostles,1,2266,16:19,16,https://www.churchofjesuschrist.org/study/general-conference/2012/10/brethren-we-have-work-to-do,"As men of the priesthood, we have an essential role to play in society, at home, and in the Church."
The Powers of Heaven,David A. Bednar,priesthood,2012-04-07 00:00:00.000,April,2012,April 2012,Of the Quorum of the Twelve Apostles,1,2167,16:27,16,https://www.churchofjesuschrist.org/study/general-conference/2012/04/the-powers-of-heaven,Priesthood holders young and old need both authority and power—the necessary permission and the spiritual capacity to represent God in the work of salvation.
Recommended to the Lord,Ronald A. Rasband,saturday-morning,2020-10-03 00:00:00.000,October,2020,October 2020,Of the Quorum of the Twelve Apostles,6,1821,14:16,17,https://www.churchofjesuschrist.org/study/general-conference/2020/10/16rasband,Begin the process now to become “recommended to the Lord” so that His Spirit will be with you in abundance.
Joseph Smith,Neil L. Andersen,saturday-afternoon,2014-10-04 00:00:00.000,October,2014,October 2014,Of the Quorum of the Twelve Apostles,2,1845,14:49,17,https://www.churchofjesuschrist.org/study/general-conference/2014/10/joseph-smith,"Jesus Christ chose a holy man, a righteous man, to lead the Restoration of the fulness of His gospel. He chose Joseph Smith."
Choose Wisely,Quentin L. Cook,priesthood,2014-10-04 00:00:00.000,October,2014,October 2014,Of the Quorum of the Twelve Apostles,1,2107,15:20,17,https://www.churchofjesuschrist.org/study/general-conference/2014/10/choose-wisely,"“Refuse the evil, and choose the good” (Isaiah 7:15)."
Redemption,D. Todd Christofferson,sunday-afternoon,2013-04-07 00:00:00.000,April,2013,April 2013,Of the Quorum of the Twelve Apostles,7,2123,15:22,17,https://www.churchofjesuschrist.org/study/general-conference/2013/04/redemption,"Inasmuch as we follow Christ, we seek to participate in and further His redemptive work."
Converted unto the Lord,David A. Bednar,sunday-afternoon,2012-10-07 00:00:00.000,October,2012,October 2012,Of the Quorum of the Twelve Apostles,7,2015,15:20,17,https://www.churchofjesuschrist.org/study/general-conference/2012/10/converted-unto-the-lord,Knowing that the gospel is true is the essence of a testimony. Consistently being true to the gospel is the essence of conversion.
The Lord Is My Light,Quentin L. Cook,saturday-afternoon,2015-04-04 00:00:00.000,April,2015,April 2015,Of the Quorum of the Twelve Apostles,6,2132,16:30,18,https://www.churchofjesuschrist.org/study/general-conference/2015/04/the-lord-is-my-light,Our ability to stand firm and true and follow the Savior despite the vicissitudes of life is greatly strengthened by righteous families and Christ-centered unity in our wards and branches.
Thy Kingdom Come,Neil L. Andersen,sunday-afternoon,2015-04-05 00:00:00.000,April,2015,April 2015,Of the Quorum of the Twelve Apostles,4,1866,15:32,18,https://www.churchofjesuschrist.org/study/general-conference/2015/04/thy-kingdom-come,"The thought of His coming stirs my soul. It will be breathtaking! The scope and grandeur, the vastness and magnificence, will exceed anything mortal eyes have ever seen or experienced."
The Moral Force of Women,D. Todd Christofferson,saturday-afternoon,2013-10-05 00:00:00.000,October,2013,October 2013,Of the Quorum of the Twelve Apostles,2,2028,15:11,18,https://www.churchofjesuschrist.org/study/general-conference/2013/10/the-moral-force-of-women,"Your intuition is to do good and to be good, and as you follow the Holy Spirit, your moral authority and influence will grow."
We Believe in Being Chaste,David A. Bednar,saturday-afternoon,2013-04-06 00:00:00.000,April,2013,April 2013,Of the Quorum of the Twelve Apostles,5,2055,15:47,18,https://www.churchofjesuschrist.org/study/general-conference/2013/04/we-believe-in-being-chaste,Obedience to the law of chastity will increase our happiness in mortality and make possible our progress in eternity.
Shipshape and Bristol Fashion: Be Temple Worthy—in Good Times and Bad Times,Quentin L. Cook,saturday-morning,2015-10-03 00:00:00.000,October,2015,October 2015,Of the Quorum of the Twelve Apostles,7,2076,15:36,19,https://www.churchofjesuschrist.org/study/general-conference/2015/10/shipshape-and-bristol-fashion-be-temple-worthy-in-good-times-and-bad-times,"Adherence to sacred gospel principles will allow us to be temple worthy, enable us to find happiness in this life, and lead us back to our heavenly home."
"Faith Is Not by Chance, but by Choice",Neil L. Andersen,priesthood,2015-10-03 00:00:00.000,October,2015,October 2015,Of the Quorum of the Twelve Apostles,1,1866,,19,https://www.churchofjesuschrist.org/study/general-conference/2015/10/faith-is-not-by-chance-but-by-choice,Faith in Jesus Christ is a gift from heaven that comes as we choose to believe and as we seek it and hold on to it.
The Resurrection of Jesus Christ,D. Todd Christofferson,sunday-afternoon,2014-04-06 00:00:00.000,April,2014,April 2014,Of the Quorum of the Twelve Apostles,7,2089,15:42,19,https://www.churchofjesuschrist.org/study/general-conference/2014/04/the-resurrection-of-jesus-christ,"Jesus of Nazareth is the resurrected Redeemer, and I testify of all that follows from the fact of His Resurrection."
The Windows of Heaven,David A. Bednar,saturday-morning,2013-10-05 00:00:00.000,October,2013,October 2013,Of the Quorum of the Twelve Apostles,6,2133,16:55,19,https://www.churchofjesuschrist.org/study/general-conference/2013/10/the-windows-of-heaven,Spiritual and temporal blessings come into our lives as we live the law of tithing.
Continue in Patience,Dieter F. Uchtdorf,priesthood,2010-04-03 00:00:00.000,April,2010,April 2010,Second Counselor in the First Presidency,4,2021,19:16,19,https://www.churchofjesuschrist.org/study/general-conference/2010/04/continue-in-patience,"The lessons we learn from patience will cultivate our character, lift our lives, and heighten our happiness."
"“Whoso Receiveth Them, Receiveth Me”",Neil L. Andersen,saturday-afternoon,2016-04-02 00:00:00.000,April,2016,April 2016,Of the Quorum of the Twelve Apostles,2,1781,13:60,20,https://www.churchofjesuschrist.org/study/general-conference/2016/04/whoso-receiveth-them-receiveth-me,"Children today find themselves in many different and complex family configurations. We need to reach out to those who feel alone, left behind, or outside the fence."
See Yourself in the Temple,Quentin L. Cook,sunday-morning,2016-04-03 00:00:00.000,April,2016,April 2016,Of the Quorum of the Twelve Apostles,5,2174,16:23,20,https://www.churchofjesuschrist.org/study/general-conference/2016/04/see-yourself-in-the-temple,I pray that each of us will honor the Savior and make any necessary changes to see ourselves in His sacred temples.
"Free Forever, to Act for Themselves",D. Todd Christofferson,saturday-morning,2014-10-04 00:00:00.000,October,2014,October 2014,Of the Quorum of the Twelve Apostles,6,2042,14:51,20,https://www.churchofjesuschrist.org/study/general-conference/2014/10/free-forever-to-act-for-themselves,It is God’s will that we be free men and women enabled to rise to our full potential both temporally and spiritually.
Bear Up Their Burdens with Ease,David A. Bednar,sunday-morning,2014-04-06 00:00:00.000,April,2014,April 2014,Of the Quorum of the Twelve Apostles,5,2100,16:23,20,https://www.churchofjesuschrist.org/study/general-conference/2014/04/bear-up-their-burdens-with-ease,"The unique burdens in each of our lives help us to rely upon the merits, mercy, and grace of the Holy Messiah."
“You Are My Hands”,Dieter F. Uchtdorf,sunday-morning,2010-04-04 00:00:00.000,April,2010,April 2010,Second Counselor in the First Presidency,1,2001,17:22,20,https://www.churchofjesuschrist.org/study/general-conference/2010/04/you-are-my-hands,"As disciples of Jesus Christ, our Master, we are called to support and heal rather than condemn."
A Witness of God,Neil L. Andersen,saturday-morning,2016-10-01 00:00:00.000,October,2016,October 2016,Of the Quorum of the Twelve Apostles,7,1887,15:43,21,https://www.churchofjesuschrist.org/study/general-conference/2016/10/a-witness-of-god,"I suggest that you stop feeling guilty about any insufficiency you think you have in sharing the gospel. Rather, pray “to stand as [a witness] of God.” This is a much stronger motivation than guilt."
Valiant in the Testimony of Jesus,Quentin L. Cook,saturday-afternoon,2016-10-01 00:00:00.000,October,2016,October 2016,Of the Quorum of the Twelve Apostles,1,2106,15:34,21,https://www.churchofjesuschrist.org/study/general-conference/2016/10/valiant-in-the-testimony-of-jesus,We cannot afford to have our testimonies of the Father and the Son become confused and complicated by stumbling blocks.
"Why Marriage, Why Family",D. Todd Christofferson,saturday-afternoon,2015-04-04 00:00:00.000,April,2015,April 2015,Of the Quorum of the Twelve Apostles,2,2100,,21,https://www.churchofjesuschrist.org/study/general-conference/2015/04/why-marriage-why-family,A family built on the marriage of a man and woman supplies the best setting for God’s plan to thrive.
Come and See,David A. Bednar,sunday-afternoon,2014-10-05 00:00:00.000,October,2014,October 2014,Of the Quorum of the Twelve Apostles,7,2028,15:28,21,https://www.churchofjesuschrist.org/study/general-conference/2014/10/come-and-see,The Church of Jesus Christ always has been and always will be a missionary church.
Your Happily Ever After,Dieter F. Uchtdorf,young-women,2010-03-27 00:00:00.000,April,2010,April 2010,Second Counselor in the First Presidency,4,2437,20:46,21,https://www.churchofjesuschrist.org/study/general-conference/2010/04/your-happily-ever-after,Heavenly Father offers to you the greatest gift of all—eternal life—and the opportunity and infinite blessing of your own “happily ever after.”
Overcoming the World,Neil L. Andersen,saturday-afternoon,2017-04-01 00:00:00.000,April,2017,April 2017,Of the Quorum of the Twelve Apostles,5,1900,15:53,22,https://www.churchofjesuschrist.org/study/general-conference/2017/04/overcoming-the-world,"Overcoming the world is not one defining moment in a lifetime, but a lifetime of moments that define an eternity."
Foundations of Faith,Quentin L. Cook,sunday-afternoon,2017-04-02 00:00:00.000,April,2017,April 2017,Of the Quorum of the Twelve Apostles,7,2101,16:21,22,https://www.churchofjesuschrist.org/study/general-conference/2017/04/foundations-of-faith,My plea is that we will make the sacrifices and have the humility necessary to strengthen the foundations of our faith in the Lord Jesus Christ.
Why the Church,D. Todd Christofferson,sunday-afternoon,2015-10-04 00:00:00.000,October,2015,October 2015,Of the Quorum of the Twelve Apostles,1,2085,15:34,22,https://www.churchofjesuschrist.org/study/general-conference/2015/10/why-the-church,"It is worth pausing to consider why Jesus Christ chooses to use a church, His Church, to carry out His and His Father’s work."
Therefore They Hushed Their Fears,David A. Bednar,saturday-afternoon,2015-04-04 00:00:00.000,April,2015,April 2015,Of the Quorum of the Twelve Apostles,1,2158,16:21,22,https://www.churchofjesuschrist.org/study/general-conference/2015/04/therefore-they-hushed-their-fears,"Unlike worldly fear that creates alarm and anxiety, godly fear is a source of peace, assurance, and confidence."
Of Things That Matter Most,Dieter F. Uchtdorf,saturday-morning,2010-10-02 00:00:00.000,October,2010,October 2010,Second Counselor in the First Presidency,7,2139,19:12,22,https://www.churchofjesuschrist.org/study/general-conference/2010/10/of-things-that-matter-most,"If life and its rushed pace and many stresses have made it difficult for you to feel like rejoicing, then perhaps now is a good time to refocus on what matters most."
The Eternal Everyday,Quentin L. Cook,saturday-afternoon,2017-10-07 00:00:00.000,October,2017,October 2017,Of the Quorum of the Twelve Apostles,3,2044,15:26,23,https://www.churchofjesuschrist.org/study/general-conference/2017/10/the-eternal-everyday,Humility about who we are and God’s purpose for us is essential.
The Voice of the Lord,Neil L. Andersen,sunday-afternoon,2017-10-08 00:00:00.000,October,2017,October 2017,Of the Quorum of the Twelve Apostles,8,2142,17:26,23,https://www.churchofjesuschrist.org/study/general-conference/2017/10/the-voice-of-the-lord,I testify that in this conference we have heard the Lord’s voice. The test for each of us is how we respond.
Fathers,D. Todd Christofferson,sunday-morning,2016-04-03 00:00:00.000,April,2016,April 2016,Of the Quorum of the Twelve Apostles,4,2285,15:60,23,https://www.churchofjesuschrist.org/study/general-conference/2016/04/fathers,I focus today on the good that men can do in the highest of masculine roles—husband and father.
“Chosen to Bear Testimony of My Name”,David A. Bednar,sunday-afternoon,2015-10-04 00:00:00.000,October,2015,October 2015,Of the Quorum of the Twelve Apostles,8,2139,16:54,23,https://www.churchofjesuschrist.org/study/general-conference/2015/10/chosen-to-bear-testimony-of-my-name,It is wonderful to have older men of great spiritual maturity and judgment serving in the senior leadership positions of the restored Church of Jesus Christ.
Pride and the Priesthood,Dieter F. Uchtdorf,priesthood,2010-10-02 00:00:00.000,October,2010,October 2010,Second Counselor in the First Presidency,4,2125,18:25,23,https://www.churchofjesuschrist.org/study/general-conference/2010/10/pride-and-the-priesthood,Pride is a switch that turns off priesthood power. Humility is a switch that turns it on.
The Prophet of God,Neil L. Andersen,saturday-morning,2018-04-07 00:00:00.000,April,2018,April 2018,Of the Quorum of the Twelve Apostles,7,1876,,24,https://www.churchofjesuschrist.org/study/general-conference/2018/04/the-prophet-of-god,"A prophet does not stand between you and the Savior. Rather, he stands beside you and points the way to the Savior."
Prepare to Meet God,Quentin L. Cook,sunday-afternoon,2018-04-08 00:00:00.000,April,2018,April 2018,Of the Quorum of the Twelve Apostles,8,1978,,24,https://www.churchofjesuschrist.org/study/general-conference/2018/04/prepare-to-meet-god,"Pursuing divinely appointed responsibilities in righteousness, unity, and equality will prepare us to meet God."
“Abide in My Love”,D. Todd Christofferson,saturday-afternoon,2016-10-01 00:00:00.000,October,2016,October 2016,Of the Quorum of the Twelve Apostles,3,2078,,24,https://www.churchofjesuschrist.org/study/general-conference/2016/10/abide-in-my-love,"God’s love is infinite and it will endure forever, but what it means for each of us depends on how we respond to His love."
Always Retain a Remission of Your Sins,David A. Bednar,saturday-afternoon,2016-04-02 00:00:00.000,April,2016,April 2016,Of the Quorum of the Twelve Apostles,5,1893,15:20,24,https://www.churchofjesuschrist.org/study/general-conference/2016/04/always-retain-a-remission-of-your-sins,"By the sanctifying power of the Holy Ghost as our constant companion, we can always retain a remission of our sins."
Waiting on the Road to Damascus,Dieter F. Uchtdorf,sunday-morning,2011-04-03 00:00:00.000,April,2011,April 2011,Second Counselor in the First Presidency,1,2005,,24,https://www.churchofjesuschrist.org/study/general-conference/2011/04/waiting-on-the-road-to-damascus,Those who diligently seek to learn of Christ eventually will come to know Him.
Deep and Lasting Conversion to Heavenly Father and the Lord Jesus Christ,Quentin L. Cook,saturday-morning,2018-10-06 00:00:00.000,October,2018,October 2018,Of the Quorum of the Twelve Apostles,2,2019,16:14,25,https://www.churchofjesuschrist.org/study/general-conference/2018/10/deep-and-lasting-conversion-to-heavenly-father-and-the-lord-jesus-christ,Our purpose is to balance the Church and the home experiences in a way that will greatly increase faith and spirituality and deepen conversion.
Wounded,Neil L. Andersen,sunday-morning,2018-10-07 00:00:00.000,October,2018,October 2018,Of the Quorum of the Twelve Apostles,5,1821,15:37,25,https://www.churchofjesuschrist.org/study/general-conference/2018/10/wounded,"In the crucible of earthly trials, patiently move forward, and the Savior’s healing power will bring you light, understanding, peace, and hope."
The Voice of Warning,D. Todd Christofferson,sunday-afternoon,2017-04-02 00:00:00.000,April,2017,April 2017,Of the Quorum of the Twelve Apostles,1,2151,15:15,25,https://www.churchofjesuschrist.org/study/general-conference/2017/04/the-voice-of-warning,"While the duty to warn is felt especially keenly by prophets, it is a duty shared by others as well."
“If Ye Had Known Me”,David A. Bednar,sunday-afternoon,2016-10-02 00:00:00.000,October,2016,October 2016,Of the Quorum of the Twelve Apostles,1,2000,15:42,25,https://www.churchofjesuschrist.org/study/general-conference/2016/10/if-ye-had-known-me,"Do we only know about the Savior, or are we increasingly coming to know Him? How do we come to know the Lord?"
"Your Potential, Your Privilege",Dieter F. Uchtdorf,priesthood,2011-04-02 00:00:00.000,April,2011,April 2011,Second Counselor in the First Presidency,4,2042,18:12,25,https://www.churchofjesuschrist.org/study/general-conference/2011/04/your-potential-your-privilege,"As you read the scriptures and listen to the words of the prophets with all your heart and mind, the Lord will tell you how to live up to your priesthood privileges."
The Eye of Faith,Neil L. Andersen,saturday-afternoon,2019-04-06 00:00:00.000,April,2019,April 2019,Of the Quorum of the Twelve Apostles,3,1854,15:15,26,https://www.churchofjesuschrist.org/study/general-conference/2019/04/25andersen,"If we pick and choose what we accept in the proclamation, we cloud our eternal view, putting too much importance on our experience here and now."
Great Love for Our Father’s Children,Quentin L. Cook,sunday-morning,2019-04-07 00:00:00.000,April,2019,April 2019,Of the Quorum of the Twelve Apostles,3,2054,15:24,26,https://www.churchofjesuschrist.org/study/general-conference/2019/04/43cook,Love is the primary attribute and motive for the spiritual purposes we were charged to undertake by our beloved prophet.
The Living Bread Which Came Down from Heaven,D. Todd Christofferson,saturday-morning,2017-10-07 00:00:00.000,October,2017,October 2017,Of the Quorum of the Twelve Apostles,5,2197,16:20,26,https://www.churchofjesuschrist.org/study/general-conference/2017/10/the-living-bread-which-came-down-from-heaven,"If we yearn to dwell in Christ and have Him dwell in us, then holiness is what we seek."
Called to the Work,David A. Bednar,priesthood,2017-04-01 00:00:00.000,April,2017,April 2017,Of the Quorum of the Twelve Apostles,2,2020,16:13,26,https://www.churchofjesuschrist.org/study/general-conference/2017/04/called-to-the-work,An assignment to labor in a specific place is essential and important but secondary to a call to the work.
Forget Me Not,Dieter F. Uchtdorf,relief-society,2011-09-24 00:00:00.000,October,2011,October 2011,Second Counselor in the First Presidency,4,2430,21:42,26,https://www.churchofjesuschrist.org/study/general-conference/2011/10/forget-me-not,It is my prayer and blessing that you will never forget that you are truly precious daughters in God’s kingdom.
Adjustments to Strengthen Youth,Quentin L. Cook,saturday-afternoon,2019-10-05 00:00:00.000,October,2019,October 2019,Of the Quorum of the Twelve Apostles,4,1629,12:29,27,https://www.churchofjesuschrist.org/study/general-conference/2019/10/25cook,More young men and young women will rise to the challenge and stay on the covenant path because of this laser-like focus on our youth.
Fruit,Neil L. Andersen,sunday-afternoon,2019-10-06 00:00:00.000,October,2019,October 2019,Of the Quorum of the Twelve Apostles,6,1710,13:29,27,https://www.churchofjesuschrist.org/study/general-conference/2019/10/56andersen,Keep your eyes and your hearts centered on the Savior Jesus Christ and the eternal joy that comes only through Him.
The Elders Quorum,D. Todd Christofferson,priesthood,2018-04-07 00:00:00.000,April,2018,April 2018,Of the Quorum of the Twelve Apostles,3,1660,13:20,27,https://www.churchofjesuschrist.org/study/general-conference/2018/04/the-elders-quorum,Having one Melchizedek Priesthood quorum in a ward unifies priesthood holders to accomplish all aspects of the work of salvation.
Exceeding Great and Precious Promises,David A. Bednar,sunday-morning,2017-10-08 00:00:00.000,October,2017,October 2017,Of the Quorum of the Twelve Apostles,3,2037,,27,https://www.churchofjesuschrist.org/study/general-conference/2017/10/exceeding-great-and-precious-promises,"Heavenly Father’s great plan of happiness includes the doctrine, the ordinances, the covenants, and the exceeding great and precious promises whereby we can become partakers of the divine nature."
Providing in the Lord’s Way,Dieter F. Uchtdorf,priesthood,2011-10-01 00:00:00.000,October,2011,October 2011,Second Counselor in the First Presidency,4,2095,17:53,27,https://www.churchofjesuschrist.org/study/general-conference/2011/10/providing-in-the-lords-way,The welfare principles of the Church are not simply good ideas; they are revealed truths from God—they are His way of helping the needy.
Spiritually Defining Memories,Neil L. Andersen,saturday-morning,2020-04-04 00:00:00.000,April,2020,April 2020,Of the Quorum of the Twelve Apostles,5,1935,16:44,28,https://www.churchofjesuschrist.org/study/general-conference/2020/04/15andersen,"When personal difficulties or world conditions beyond our control darken our path, the spiritually defining memories from our book of life are like luminous stones that help brighten the road ahead."
The Blessing of Continuing Revelation to Prophets and Personal Revelation to Guide Our Lives,Quentin L. Cook,sunday-afternoon,2020-04-05 00:00:00.000,April,2020,April 2020,Of the Quorum of the Twelve Apostles,2,1942,14:11,28,https://www.churchofjesuschrist.org/study/general-conference/2020/04/52cook,Continuous revelation has been received and is being received through channels the Lord has established.
Firm and Steadfast in the Faith of Christ,D. Todd Christofferson,saturday-afternoon,2018-10-06 00:00:00.000,October,2018,October 2018,Of the Quorum of the Twelve Apostles,1,2101,15:10,28,https://www.churchofjesuschrist.org/study/general-conference/2018/10/firm-and-steadfast-in-the-faith-of-christ,To persevere firm and steadfast in the faith of Christ requires that the gospel of Jesus Christ penetrate one’s heart and soul.
Meek and Lowly of Heart,David A. Bednar,saturday-afternoon,2018-04-07 00:00:00.000,April,2018,April 2018,Of the Quorum of the Twelve Apostles,1,1907,,28,https://www.churchofjesuschrist.org/study/general-conference/2018/04/meek-and-lowly-of-heart,"Meekness is a defining attribute of the Redeemer and is distinguished by righteous responsiveness, willing submissiveness, and strong self-restraint."
You Matter to Him,Dieter F. Uchtdorf,saturday-morning,2011-10-01 00:00:00.000,October,2011,October 2011,Second Counselor in the First Presidency,7,2219,19:30,28,https://www.churchofjesuschrist.org/study/general-conference/2011/10/you-matter-to-him,The Lord uses a scale very different from the world’s to weigh the worth of a soul.
Hearts Knit in Righteousness and Unity,Quentin L. Cook,saturday-morning,2020-10-03 00:00:00.000,October,2020,October 2020,Of the Quorum of the Twelve Apostles,5,1985,14:44,29,https://www.churchofjesuschrist.org/study/general-conference/2020/10/15cook,"At this 200-year hinge point in our Church history, let us commit ourselves to live righteously and be united as never before."
We Talk of Christ,Neil L. Andersen,sunday-morning,2020-10-04 00:00:00.000,October,2020,October 2020,Of the Quorum of the Twelve Apostles,5,1792,,29,https://www.churchofjesuschrist.org/study/general-conference/2020/10/45andersen,"As the world speaks less of Jesus Christ, let us speak more of Him."
Preparing for the Lord’s Return,D. Todd Christofferson,sunday-morning,2019-04-07 00:00:00.000,April,2019,April 2019,Of the Quorum of the Twelve Apostles,4,2141,15:16,29,https://www.churchofjesuschrist.org/study/general-conference/2019/04/44christofferson,The Church of Jesus Christ of Latter-day Saints is uniquely empowered and commissioned to accomplish the necessary preparations for the Lord’s Second Coming.
Gather Together in One All Things in Christ,David A. Bednar,saturday-morning,2018-10-06 00:00:00.000,October,2018,October 2018,Of the Quorum of the Twelve Apostles,6,1791,15:45,29,https://www.churchofjesuschrist.org/study/general-conference/2018/10/gather-together-in-one-all-things-in-christ,"The power of the Savior’s gospel to transform and bless us flows from discerning and applying the interrelatedness of its doctrine, principles, and practices."
The Merciful Obtain Mercy,Dieter F. Uchtdorf,sunday-morning,2012-04-08 00:00:00.000,April,2012,April 2012,Second Counselor in the First Presidency,1,1836,16:47,29,https://www.churchofjesuschrist.org/study/general-conference/2012/04/the-merciful-obtain-mercy,"When our hearts are filled with the love of God, we become “kind one to another, tenderhearted, forgiving.”"
The Joy of the Saints,D. Todd Christofferson,saturday-morning,2019-10-05 00:00:00.000,October,2019,October 2019,Of the Quorum of the Twelve Apostles,4,1960,14:32,30,https://www.churchofjesuschrist.org/study/general-conference/2019/10/14christofferson,"Joy comes from keeping Christ’s commandments, from overcoming sorrow and weakness through Him, and from serving as He served."
Prepared to Obtain Every Needful Thing,David A. Bednar,sunday-afternoon,2019-04-07 00:00:00.000,April,2019,April 2019,Of the Quorum of the Twelve Apostles,4,1821,16:27,30,https://www.churchofjesuschrist.org/study/general-conference/2019/04/54bednar,Blessings will come as we strive to fulfill our individual responsibility to learn and love the restored gospel of Jesus Christ.
The Why of Priesthood Service,Dieter F. Uchtdorf,priesthood,2012-04-07 00:00:00.000,April,2012,April 2012,Second Counselor in the First Presidency,4,2127,18:44,30,https://www.churchofjesuschrist.org/study/general-conference/2012/04/the-why-of-priesthood-service,Understanding the why of the gospel and the why of the priesthood will help us to see the divine purpose of all of this.
Sharing the Message of the Restoration and the Resurrection,D. Todd Christofferson,sunday-afternoon,2020-04-05 00:00:00.000,April,2020,April 2020,Of the Quorum of the Twelve Apostles,6,2016,14:30,31,https://www.churchofjesuschrist.org/study/general-conference/2020/04/56christofferson,"The Restoration belongs to the world, and its message is especially urgent today."
Watchful unto Prayer Continually,David A. Bednar,saturday-afternoon,2019-10-05 00:00:00.000,October,2019,October 2019,Of the Quorum of the Twelve Apostles,1,1921,15:59,31,https://www.churchofjesuschrist.org/study/general-conference/2019/10/22bednar,Constant vigilance is required to counteract complacency and casualness.
Of Regrets and Resolutions,Dieter F. Uchtdorf,saturday-morning,2012-10-06 00:00:00.000,October,2012,October 2012,Second Counselor in the First Presidency,7,2325,19:46,31,https://www.churchofjesuschrist.org/study/general-conference/2012/10/of-regrets-and-resolutions,"The more we devote ourselves to the pursuit of holiness and happiness, the less likely we will be on a path to regrets."
Sustainable Societies,D. Todd Christofferson,saturday-afternoon,2020-10-03 00:00:00.000,October,2020,October 2020,Of the Quorum of the Twelve Apostles,1,1901,15:12,32,https://www.churchofjesuschrist.org/study/general-conference/2020/10/22christofferson,"If enough of us and enough of our neighbors strive to guide our lives by the truth of God, the moral virtues needed in every society will abound."
“Let This House Be Built unto My Name”,David A. Bednar,sunday-morning,2020-04-05 00:00:00.000,April,2020,April 2020,Of the Quorum of the Twelve Apostles,4,1912,16:15,32,https://www.churchofjesuschrist.org/study/general-conference/2020/04/44bednar,The covenants received and the ordinances performed in temples are essential to the sanctifying of our hearts and for the ultimate exaltation of God’s sons and daughters.
The Joy of the Priesthood,Dieter F. Uchtdorf,priesthood,2012-10-06 00:00:00.000,October,2012,October 2012,Second Counselor in the First Presidency,4,2064,,32,https://www.churchofjesuschrist.org/study/general-conference/2012/10/the-joy-of-the-priesthood,Let us embrace and understand the wonder and privilege of the priesthood. Let us accept and love the responsibilities we are asked to fulfill.
We Will Prove Them Herewith,David A. Bednar,saturday-morning,2020-10-03 00:00:00.000,October,2020,October 2020,Of the Quorum of the Twelve Apostles,2,1984,15:19,33,https://www.churchofjesuschrist.org/study/general-conference/2020/10/12bednar,Now is the time to prepare and prove ourselves willing and able to do all things whatsoever the Lord our God shall command us.
Four Titles,Dieter F. Uchtdorf,priesthood,2013-04-06 00:00:00.000,April,2013,April 2013,Second Counselor in the First Presidency,4,2139,19:19,33,https://www.churchofjesuschrist.org/study/general-conference/2013/04/four-titles,I would like to suggest four titles … that may help us recognize our individual roles in God’s eternal plan and our potential as priesthood holders.
The Hope of God’s Light,Dieter F. Uchtdorf,sunday-morning,2013-04-07 00:00:00.000,April,2013,April 2013,Second Counselor in the First Presidency,1,2041,17:12,34,https://www.churchofjesuschrist.org/study/general-conference/2013/04/the-hope-of-gods-light,"As we seek to increase our love for God and strive to love our neighbor, the light of the gospel will surround and uplift us."
Your Wonderful Journey Home,Dieter F. Uchtdorf,young-women,2013-03-30 00:00:00.000,April,2013,April 2013,Second Counselor in the First Presidency,4,2802,23:28,35,https://www.churchofjesuschrist.org/study/general-conference/2013/04/your-wonderful-journey-home,"As you joyfully use the map your loving Father has provided for your journey, it will lead you to holy places and you will rise to your supernal potential."
Place No More for the Enemy of My Soul,Jeffrey R. Holland,saturday-afternoon,2010-04-03 00:00:00.000,April,2010,April 2010,Of the Quorum of the Twelve Apostles,6,1734,16:22,35,https://www.churchofjesuschrist.org/study/general-conference/2010/04/place-no-more-for-the-enemy-of-my-soul,"May the joy of our fidelity to the highest and best within us be ours as we keep our love and our marriages, our society and our souls, as pure as they were meant to be."
"Come, Join with Us",Dieter F. Uchtdorf,saturday-morning,2013-10-05 00:00:00.000,October,2013,October 2013,Second Counselor in the First Presidency,7,2021,17:60,36,https://www.churchofjesuschrist.org/study/general-conference/2013/10/come-join-with-us,"Regardless of your circumstances, your personal history, or the strength of your testimony, there is room for you in this Church."
Because of Your Faith,Jeffrey R. Holland,saturday-morning,2010-10-02 00:00:00.000,October,2010,October 2010,Of the Quorum of the Twelve Apostles,2,1768,14:11,36,https://www.churchofjesuschrist.org/study/general-conference/2010/10/because-of-your-faith,My thanks to all you wonderful members of the Church … for proving every day of your life that the pure love of Christ “never faileth.”
You Can Do It Now!,Dieter F. Uchtdorf,priesthood,2013-10-05 00:00:00.000,October,2013,October 2013,Second Counselor in the First Presidency,4,1846,16:18,37,https://www.churchofjesuschrist.org/study/general-conference/2013/10/you-can-do-it-now,"As long as we are willing to rise up again and continue on the path, … we can learn something from failure and become better and happier."
An Ensign to the Nations,Jeffrey R. Holland,sunday-afternoon,2011-04-03 00:00:00.000,April,2011,April 2011,Of the Quorum of the Twelve Apostles,7,1848,17:50,37,https://www.churchofjesuschrist.org/study/general-conference/2011/04/an-ensign-to-the-nations,"If we teach by the Spirit and you listen by the Spirit, some one of us will touch on your circumstance."
Are You Sleeping through the Restoration?,Dieter F. Uchtdorf,priesthood,2014-04-05 00:00:00.000,April,2014,April 2014,Second Counselor in the First Presidency,4,1958,18:31,38,https://www.churchofjesuschrist.org/study/general-conference/2014/04/are-you-sleeping-through-the-restoration,"There is too much at stake for us as individuals, as families, and as Christ’s Church to give only a halfhearted effort to this sacred work."
We Are All Enlisted,Jeffrey R. Holland,priesthood,2011-10-01 00:00:00.000,October,2011,October 2011,Of the Quorum of the Twelve Apostles,1,1886,15:27,38,https://www.churchofjesuschrist.org/study/general-conference/2011/10/we-are-all-enlisted,"From every man, young and old, who bears the priesthood, I ask for a stronger and more devoted voice, … a voice for good, a voice for the gospel, a voice for God."
Grateful in Any Circumstances,Dieter F. Uchtdorf,sunday-morning,2014-04-06 00:00:00.000,April,2014,April 2014,Second Counselor in the First Presidency,1,1873,16:59,39,https://www.churchofjesuschrist.org/study/general-conference/2014/04/grateful-in-any-circumstances,"Have we not reason to be filled with gratitude, regardless of the circumstances in which we find ourselves?"
The Laborers in the Vineyard,Jeffrey R. Holland,saturday-afternoon,2012-04-07 00:00:00.000,April,2012,April 2012,Of the Quorum of the Twelve Apostles,1,1743,15:23,39,https://www.churchofjesuschrist.org/study/general-conference/2012/04/the-laborers-in-the-vineyard,"Please listen to the prompting of the Holy Spirit telling you right now, this very moment, that you should accept the atoning gift of the Lord Jesus Christ."
Living the Gospel Joyful,Dieter F. Uchtdorf,womens,2014-09-27 00:00:00.000,October,2014,October 2014,Second Counselor in the First Presidency,4,2199,,40,https://www.churchofjesuschrist.org/study/general-conference/2014/10/living-the-gospel-joyful,Trust in the saving power of Jesus Christ; keep His laws and commandments. In other words—live the gospel joyful.
The First Great Commandment,Jeffrey R. Holland,sunday-morning,2012-10-07 00:00:00.000,October,2012,October 2012,Of the Quorum of the Twelve Apostles,5,1875,19:48,40,https://www.churchofjesuschrist.org/study/general-conference/2012/10/the-first-great-commandment,We have a life of devoted discipleship to give in demonstrating our love of the Lord.
"“Lord, Is It I?”",Dieter F. Uchtdorf,priesthood,2014-10-04 00:00:00.000,October,2014,October 2014,Second Counselor in the First Presidency,4,1901,18:18,41,https://www.churchofjesuschrist.org/study/general-conference/2014/10/lord-is-it-i,"We must put aside our pride, see beyond our vanity, and in humility ask, “Lord, is it I?”"
"“Lord, I Believe”",Jeffrey R. Holland,sunday-afternoon,2013-04-07 00:00:00.000,April,2013,April 2013,Of the Quorum of the Twelve Apostles,1,1650,14:43,41,https://www.churchofjesuschrist.org/study/general-conference/2013/04/lord-i-believe,"Honestly acknowledge your questions and your concerns, but first and forever fan the flame of your faith, because all things are possible to them that believe."
Receiving a Testimony of Light and Truth,Dieter F. Uchtdorf,saturday-morning,2014-10-04 00:00:00.000,October,2014,October 2014,Second Counselor in the First Presidency,7,1960,1:23,42,https://www.churchofjesuschrist.org/study/general-conference/2014/10/receiving-a-testimony-of-light-and-truth,"Your personal testimony of light and truth will not only bless you and your posterity here in mortality, but it will also accompany you throughout all eternity."
Like a Broken Vessel,Jeffrey R. Holland,saturday-afternoon,2013-10-05 00:00:00.000,October,2013,October 2013,Of the Quorum of the Twelve Apostles,6,1643,14:11,42,https://www.churchofjesuschrist.org/study/general-conference/2013/10/like-a-broken-vessel,How do you best respond when mental or emotional challenges confront you or those you love?
On Being Genuine,Dieter F. Uchtdorf,priesthood,2015-04-04 00:00:00.000,April,2015,April 2015,Second Counselor in the First Presidency,4,1907,17:51,43,https://www.churchofjesuschrist.org/study/general-conference/2015/04/on-being-genuine,"I pray that we will resist the temptation to draw attention to ourselves and, instead, strive for a far greater honor: to become humble, genuine disciples of Jesus Christ."
The Cost—and Blessings—of Discipleship,Jeffrey R. Holland,saturday-morning,2014-04-05 00:00:00.000,April,2014,April 2014,Of the Quorum of the Twelve Apostles,2,1695,14:45,43,https://www.churchofjesuschrist.org/study/general-conference/2014/04/the-cost-and-blessings-of-discipleship,Be strong. Live the gospel faithfully even if others around you don’t live it at all.
Act in All Diligence,Henry B. Eyring,priesthood,2010-04-03 00:00:00.000,April,2010,April 2010,First Counselor in the First Presidency,5,2439,17:38,43,https://www.churchofjesuschrist.org/study/general-conference/2010/04/act-in-all-diligence,"We are to learn our duty from the Lord, and then we are to act in all diligence, never being lazy or slothful."
The Gift of Grace,Dieter F. Uchtdorf,sunday-morning,2015-04-05 00:00:00.000,April,2015,April 2015,Second Counselor in the First Presidency,7,1959,19:13,44,https://www.churchofjesuschrist.org/study/general-conference/2015/04/the-gift-of-grace,Today and forevermore God’s grace is available to all whose hearts are broken and whose spirits are contrite.
Are We Not All Beggars?,Jeffrey R. Holland,saturday-afternoon,2014-10-04 00:00:00.000,October,2014,October 2014,Of the Quorum of the Twelve Apostles,6,1673,15:41,44,https://www.churchofjesuschrist.org/study/general-conference/2014/10/are-we-not-all-beggars,"Rich or poor, we are to “do what we can” when others are in need."
Help Them on Their Way Home,Henry B. Eyring,saturday-morning,2010-04-03 00:00:00.000,April,2010,April 2010,First Counselor in the First Presidency,7,2587,,44,https://www.churchofjesuschrist.org/study/general-conference/2010/04/help-them-on-their-way-home,We help God’s children best by providing ways to build faith in Jesus Christ and His restored gospel when they are young.
A Summer with Great-Aunt Rose,Dieter F. Uchtdorf,womens,2015-09-26 00:00:00.000,October,2015,October 2015,Second Counselor in the First Presidency,4,2524,20:58,45,https://www.churchofjesuschrist.org/study/general-conference/2015/10/a-summer-with-great-aunt-rose,"As you walk along your own bright path of discipleship, I pray that faith will fortify every footstep along your way."
"Where Justice, Love, and Mercy Meet",Jeffrey R. Holland,sunday-morning,2015-04-05 00:00:00.000,April,2015,April 2015,Of the Quorum of the Twelve Apostles,6,1621,17:14,45,https://www.churchofjesuschrist.org/study/general-conference/2015/04/where-justice-love-and-mercy-meet,"Jesus Christ suffered, died, and rose from death in order that He could lift us to eternal life."
Serve with the Spirit,Henry B. Eyring,priesthood,2010-10-02 00:00:00.000,October,2010,October 2010,First Counselor in the First Presidency,5,2614,19:15,45,https://www.churchofjesuschrist.org/study/general-conference/2010/10/serve-with-the-spirit,Let us do whatever is required to qualify for the Holy Ghost as our companion.
Our Duty to God: The Mission of Parents and Leaders to the Rising Generation,Robert D. Hales,sunday-afternoon,2010-04-04 00:00:00.000,April,2010,April 2010,Of the Quorum of the Twelve Apostles,2,1909,12:37,45,https://www.churchofjesuschrist.org/study/general-conference/2010/04/our-duty-to-god-the-mission-of-parents-and-leaders-to-the-rising-generation,It is our imperative duty to help youth understand and believe the gospel in a deeply personal way.
Behold Thy Mother,Jeffrey R. Holland,saturday-afternoon,2015-10-03 00:00:00.000,October,2015,October 2015,Of the Quorum of the Twelve Apostles,2,1631,16:44,46,https://www.churchofjesuschrist.org/study/general-conference/2015/10/behold-thy-mother,No love in mortality comes closer to approximating the pure love of Jesus Christ than the selfless love a devoted mother has for her child.
"Be Not Afraid, Only Believe",Dieter F. Uchtdorf,priesthood,2015-10-03 00:00:00.000,October,2015,October 2015,Second Counselor in the First Presidency,3,1928,19:30,46,https://www.churchofjesuschrist.org/study/general-conference/2015/10/be-not-afraid-only-believe,"When we choose to believe, exercise faith unto repentance, and follow our Savior, Jesus Christ, we open our spiritual eyes to splendors we can scarcely imagine."
Agency: Essential to the Plan of Life,Robert D. Hales,saturday-afternoon,2010-10-02 00:00:00.000,October,2010,October 2010,Of the Quorum of the Twelve Apostles,1,2025,16:24,46,https://www.churchofjesuschrist.org/study/general-conference/2010/10/agency-essential-to-the-plan-of-life,"Whenever we choose to come unto Christ, take His name upon us, and follow His servants, we progress along the path to eternal life."
"Trust in God, Then Go and Do",Henry B. Eyring,sunday-morning,2010-10-03 00:00:00.000,October,2010,October 2010,First Counselor in the First Presidency,1,2318,17:38,46,https://www.churchofjesuschrist.org/study/general-conference/2010/10/trust-in-god-then-go-and-do,You show your trust in Him when you listen with the intent to learn and repent and then you go and do whatever He asks.
Tomorrow the Lord Will Do Wonders among You,Jeffrey R. Holland,sunday-afternoon,2016-04-03 00:00:00.000,April,2016,April 2016,Of the Quorum of the Twelve Apostles,7,1861,19:24,47,https://www.churchofjesuschrist.org/study/general-conference/2016/04/tomorrow-the-lord-will-do-wonders-among-you,"Keep loving. Keep trying. Keep trusting. Keep believing. Keep growing. Heaven is cheering you on today, tomorrow, and forever."
It Works Wonderfully!,Dieter F. Uchtdorf,saturday-morning,2015-10-03 00:00:00.000,October,2015,October 2015,Second Counselor in the First Presidency,1,1960,17:55,47,https://www.churchofjesuschrist.org/study/general-conference/2015/10/it-works-wonderfully,I pray that we will focus on “the simplicity that is in Christ” and allow His grace to lift and carry us.
Waiting upon the Lord: Thy Will Be Done,Robert D. Hales,sunday-morning,2011-10-02 00:00:00.000,October,2011,October 2011,Of the Quorum of the Twelve Apostles,2,1696,16:12,47,https://www.churchofjesuschrist.org/study/general-conference/2011/10/waiting-upon-the-lord-thy-will-be-done,"The purpose of our life on earth is to grow, develop, and be strengthened through our own experiences."
A Living Testimony,Henry B. Eyring,young-women,2011-03-26 00:00:00.000,April,2011,April 2011,First Counselor in the First Presidency,4,2719,20:30,47,https://www.churchofjesuschrist.org/study/general-conference/2011/04/a-living-testimony,"Testimony requires the nurturing by the prayer of faith, the hungering for the word of God in the scriptures, and the obedience to the truth."
Emissaries to the Church,Jeffrey R. Holland,priesthood,2016-10-01 00:00:00.000,October,2016,October 2016,Of the Quorum of the Twelve Apostles,1,1693,15:22,48,https://www.churchofjesuschrist.org/study/general-conference/2016/10/emissaries-to-the-church,"We are asking you as home teachers to be God’s emissaries to His children, to love and care and pray for the people you are assigned."
He Will Place You on His Shoulders and Carry You Home,Dieter F. Uchtdorf,sunday-morning,2016-04-03 00:00:00.000,April,2016,April 2016,Second Counselor in the First Presidency,6,1980,,48,https://www.churchofjesuschrist.org/study/general-conference/2016/04/he-will-place-you-on-his-shoulders-and-carry-you-home,"Just as the Good Shepherd finds His lost sheep, if you will only lift up your heart to the Savior of the world, He will find you."
"Coming to Ourselves: The Sacrament, the Temple, and Sacrifice in Service",Robert D. Hales,saturday-afternoon,2012-04-07 00:00:00.000,April,2012,April 2012,Of the Quorum of the Twelve Apostles,2,1506,13:53,48,https://www.churchofjesuschrist.org/study/general-conference/2012/04/coming-to-ourselves-the-sacrament-the-temple-and-sacrifice-in-service,We become converted and spiritually self-reliant as we prayerfully live our covenants.
Learning in the Priesthood,Henry B. Eyring,priesthood,2011-04-02 00:00:00.000,April,2011,April 2011,First Counselor in the First Presidency,5,2526,19:49,48,https://www.churchofjesuschrist.org/study/general-conference/2011/04/learning-in-the-priesthood,"If you will be diligent and obedient in the priesthood, treasures of spiritual knowledge will be poured out upon you."
Songs Sung and Unsung,Jeffrey R. Holland,saturday-afternoon,2017-04-01 00:00:00.000,April,2017,April 2017,Of the Quorum of the Twelve Apostles,2,1564,14:33,49,https://www.churchofjesuschrist.org/study/general-conference/2017/04/songs-sung-and-unsung,I plead with each one of us to stay permanently and faithfully in the choir.
In Praise of Those Who Save,Dieter F. Uchtdorf,priesthood,2016-04-02 00:00:00.000,April,2016,April 2016,Second Counselor in the First Presidency,3,1891,18:14,49,https://www.churchofjesuschrist.org/study/general-conference/2016/04/in-praise-of-those-who-save,"As we emulate the Savior’s love, He will surely bless and prosper our righteous efforts to save our marriages and strengthen our families."
Being a More Christian Christian,Robert D. Hales,sunday-afternoon,2012-10-07 00:00:00.000,October,2012,October 2012,Of the Quorum of the Twelve Apostles,1,1581,15:10,49,https://www.churchofjesuschrist.org/study/general-conference/2012/10/being-a-more-christian-christian,This is the call of Christ to every Christian today: “Feed my lambs. … Feed my sheep.”
Opportunities to Do Good,Henry B. Eyring,saturday-morning,2011-04-02 00:00:00.000,April,2011,April 2011,First Counselor in the First Presidency,7,2687,20:14,49,https://www.churchofjesuschrist.org/study/general-conference/2011/04/opportunities-to-do-good,The Lord’s way to help those in temporal need requires people who out of love have consecrated themselves and what they have to God and to His work.
Be Ye Therefore Perfect—Eventually,Jeffrey R. Holland,saturday-morning,2017-10-07 00:00:00.000,October,2017,October 2017,Of the Quorum of the Twelve Apostles,6,1722,16:49,50,https://www.churchofjesuschrist.org/study/general-conference/2017/10/be-ye-therefore-perfect-eventually,"If we persevere, then somewhere in eternity our refinement will be finished and complete."
"Fourth Floor, Last Door",Dieter F. Uchtdorf,womens,2016-09-24 00:00:00.000,October,2016,October 2016,Second Counselor in the First Presidency,4,2189,21:33,50,https://www.churchofjesuschrist.org/study/general-conference/2016/10/fourth-floor-last-door,"God “rewards those who earnestly seek him,” so we need to keep knocking. Sisters, don’t give up. Seek God with all your heart."
Stand Strong in Holy Places,Robert D. Hales,priesthood,2013-04-06 00:00:00.000,April,2013,April 2013,Of the Quorum of the Twelve Apostles,1,1722,16:12,50,https://www.churchofjesuschrist.org/study/general-conference/2013/04/stand-strong-in-holy-places,"Standing obedient and strong on the doctrine of our God, we stand in holy places, for His doctrine is sacred and will not change."
A Witness,Henry B. Eyring,sunday-morning,2011-10-02 00:00:00.000,October,2011,October 2011,First Counselor in the First Presidency,1,2250,16:52,50,https://www.churchofjesuschrist.org/study/general-conference/2011/10/a-witness,The Book of Mormon is the best guide to learn how well we are doing and how to do better.
He Lives! All Glory to His Name!,Richard G. Scott,sunday-morning,2010-04-04 00:00:00.000,April,2010,April 2010,Of the Quorum of the Twelve Apostles,2,1726,,50,https://www.churchofjesuschrist.org/study/general-conference/2010/04/he-lives-all-glory-to-his-name,Our understanding of and faith in the Atonement of Jesus Christ will provide strength and capacity needed for a successful life.
“Be With and Strengthen Them”,Jeffrey R. Holland,sunday-afternoon,2018-04-08 00:00:00.000,April,2018,April 2018,Of the Quorum of the Twelve Apostles,4,1667,15:29,51,https://www.churchofjesuschrist.org/study/general-conference/2018/04/be-with-and-strengthen-them,Our prayer today is that every man and woman will leave this general conference more deeply committed to heartfelt care for one another.
Learn from Alma and Amulek,Dieter F. Uchtdorf,priesthood,2016-10-01 00:00:00.000,October,2016,October 2016,Second Counselor in the First Presidency,3,1981,18:33,51,https://www.churchofjesuschrist.org/study/general-conference/2016/10/learn-from-alma-and-amulek,It is my hope that those who have strayed from the path of discipleship will see with their hearts and learn from Alma and Amulek.
General Conference: Strengthening Faith and Testimony,Robert D. Hales,saturday-morning,2013-10-05 00:00:00.000,October,2013,October 2013,Of the Quorum of the Twelve Apostles,2,1769,15:49,51,https://www.churchofjesuschrist.org/study/general-conference/2013/10/general-conference-strengthening-faith-and-testimony,"Oh, how we need general conference! Through conferences our faith is fortified and our testimonies deepened."
Preparation in the Priesthood: “I Need Your Help”,Henry B. Eyring,priesthood,2011-10-01 00:00:00.000,October,2011,October 2011,First Counselor in the First Presidency,5,2537,19:54,51,https://www.churchofjesuschrist.org/study/general-conference/2011/10/preparation-in-the-priesthood-i-need-your-help,"Don’t worry about how inexperienced you are or think you are, but think about what, with the Lord’s help, you can become."
The Transforming Power of Faith and Character,Richard G. Scott,saturday-afternoon,2010-10-02 00:00:00.000,October,2010,October 2010,Of the Quorum of the Twelve Apostles,7,2298,15:15,51,https://www.churchofjesuschrist.org/study/general-conference/2010/10/the-transforming-power-of-faith-and-character,"A consistent, righteous life produces an inner power and strength that can be permanently resistant to the eroding influence of sin and transgression."
The Ministry of Reconciliation,Jeffrey R. Holland,sunday-morning,2018-10-07 00:00:00.000,October,2018,October 2018,Of the Quorum of the Twelve Apostles,3,1650,16:13,52,https://www.churchofjesuschrist.org/study/general-conference/2018/10/the-ministry-of-reconciliation,I testify of the tranquility to the soul that reconciliation with God and each other will bring if we are meek and courageous enough to pursue it.
O How Great the Plan of Our God!,Dieter F. Uchtdorf,saturday-morning,2016-10-01 00:00:00.000,October,2016,October 2016,Second Counselor in the First Presidency,1,2047,18:35,52,https://www.churchofjesuschrist.org/study/general-conference/2016/10/o-how-great-the-plan-of-our-god,We are surrounded by such an astonishing wealth of light and truth that I wonder if we truly appreciate what we have.
"“If Ye Love Me, Keep My Commandments”",Robert D. Hales,saturday-afternoon,2014-04-05 00:00:00.000,April,2014,April 2014,Of the Quorum of the Twelve Apostles,3,1553,,52,https://www.churchofjesuschrist.org/study/general-conference/2014/04/if-ye-love-me-keep-my-commandments,Using our agency to obey means choosing to “do what is right [and letting] the consequence follow.”
Families under Covenant,Henry B. Eyring,priesthood,2012-04-07 00:00:00.000,April,2012,April 2012,First Counselor in the First Presidency,5,2417,18:15,52,https://www.churchofjesuschrist.org/study/general-conference/2012/04/families-under-covenant,There is nothing that has come or will come into your family as important as the sealing blessings.
The Eternal Blessings of Marriage,Richard G. Scott,sunday-afternoon,2011-04-03 00:00:00.000,April,2011,April 2011,Of the Quorum of the Twelve Apostles,1,1894,,52,https://www.churchofjesuschrist.org/study/general-conference/2011/04/the-eternal-blessings-of-marriage,The temple sealing has greater meaning as life unfolds. It will help you draw ever closer together and find greater joy and fulfillment.
Behold the Lamb of God,Jeffrey R. Holland,saturday-afternoon,2019-04-06 00:00:00.000,April,2019,April 2019,Of the Quorum of the Twelve Apostles,6,1644,15:58,53,https://www.churchofjesuschrist.org/study/general-conference/2019/04/28holland,"Our modified Sunday service is to emphasize the sacrament of the Lord’s Supper as the sacred, acknowledged focal point of our weekly worship experience."
Perfect Love Casteth Out Fear,Dieter F. Uchtdorf,sunday-morning,2017-04-02 00:00:00.000,April,2017,April 2017,Second Counselor in the First Presidency,7,1970,19:11,53,https://www.churchofjesuschrist.org/study/general-conference/2017/04/perfect-love-casteth-out-fear,"Let us set aside our fears and live instead with joy, humility, hope, and a bold confidence that the Lord is with us."
"Eternal Life—to Know Our Heavenly Father and His Son, Jesus Christ",Robert D. Hales,sunday-morning,2014-10-05 00:00:00.000,October,2014,October 2014,Of the Quorum of the Twelve Apostles,4,1571,14:35,53,https://www.churchofjesuschrist.org/study/general-conference/2014/10/eternal-life-to-know-our-heavenly-father-and-his-son-jesus-christ,"God and Christ are literally a Father and a Son—separate, distinct, individual beings who are wholly unified in Their purpose."
Mountains to Climb,Henry B. Eyring,saturday-morning,2012-04-07 00:00:00.000,April,2012,April 2012,First Counselor in the First Presidency,7,2380,19:38,53,https://www.churchofjesuschrist.org/study/general-conference/2012/04/mountains-to-climb,"If we have faith in Jesus Christ, the hardest as well as the easiest times in life can be a blessing."
The Power of Scripture,Richard G. Scott,saturday-morning,2011-10-01 00:00:00.000,October,2011,October 2011,Of the Quorum of the Twelve Apostles,1,1867,,53,https://www.churchofjesuschrist.org/study/general-conference/2011/10/the-power-of-scripture,Scriptures are like packets of light that illuminate our minds and give place to guidance and inspiration from on high.
"The Message, the Meaning, and the Multitude",Jeffrey R. Holland,saturday-morning,2019-10-05 00:00:00.000,October,2019,October 2019,Of the Quorum of the Twelve Apostles,1,1499,14:46,54,https://www.churchofjesuschrist.org/study/general-conference/2019/10/11holland,"Through the incessant din and drumbeat of our day, may we strive to see Christ at the center of our lives, of our faith, and of our service."
The Greatest among You,Dieter F. Uchtdorf,priesthood,2017-04-01 00:00:00.000,April,2017,April 2017,Second Counselor in the First Presidency,4,2077,,54,https://www.churchofjesuschrist.org/study/general-conference/2017/04/the-greatest-among-you,God’s greatest reward goes to those who serve without expectation of reward.
"Preserving Agency, Protecting Religious Freedom",Robert D. Hales,sunday-afternoon,2015-04-05 00:00:00.000,April,2015,April 2015,Of the Quorum of the Twelve Apostles,1,1576,15:47,54,https://www.churchofjesuschrist.org/study/general-conference/2015/04/preserving-agency-protecting-religious-freedom,The faithful use of our agency depends upon our having religious freedom.
Help Them Aim High,Henry B. Eyring,priesthood,2012-10-06 00:00:00.000,October,2012,October 2012,First Counselor in the First Presidency,5,2727,,54,https://www.churchofjesuschrist.org/study/general-conference/2012/10/help-them-aim-high,"With your guidance, those you lead will be able to see, want, and believe they can achieve their full potential for service in God’s kingdom."
How to Obtain Revelation and Inspiration for Your Personal Life,Richard G. Scott,saturday-afternoon,2012-04-07 00:00:00.000,April,2012,April 2012,Of the Quorum of the Twelve Apostles,6,1840,16:30,54,https://www.churchofjesuschrist.org/study/general-conference/2012/04/how-to-obtain-revelation-and-inspiration-for-your-personal-life,Why does the Lord want us to pray to Him and to ask? Because that is how revelation is received.
Healing the Sick,Dallin H. Oaks,priesthood,2010-04-03 00:00:00.000,April,2010,April 2010,Of the Quorum of the Twelve Apostles,1,2281,17:35,54,https://www.churchofjesuschrist.org/study/general-conference/2010/04/healing-the-sick,"We have this priesthood power, and we should all be prepared to use it properly."
A Perfect Brightness of Hope,Jeffrey R. Holland,sunday-morning,2020-04-05 00:00:00.000,April,2020,April 2020,Of the Quorum of the Twelve Apostles,3,1790,17:45,55,https://www.churchofjesuschrist.org/study/general-conference/2020/04/43holland,"Because the Restoration reaffirmed the foundational truth that God does work in this world, we can hope, we should hope, even when facing the most insurmountable odds."
A Yearning for Home,Dieter F. Uchtdorf,saturday-morning,2017-10-07 00:00:00.000,October,2017,October 2017,Second Counselor in the First Presidency,1,2112,20:48,55,https://www.churchofjesuschrist.org/study/general-conference/2017/10/a-yearning-for-home,"Turn your soul toward the light. Begin your own wonderful journey home. As you do so, your life will be better, happier, and more purposeful."
Meeting the Challenges of Today’s World,Robert D. Hales,saturday-afternoon,2015-10-03 00:00:00.000,October,2015,October 2015,Of the Quorum of the Twelve Apostles,1,1679,14:33,55,https://www.churchofjesuschrist.org/study/general-conference/2015/10/meeting-the-challenges-of-todays-world,"The choices you make—mission, education, marriage, career, and service in the Church—will shape your eternal destiny."
The Joy of Redeeming the Dead,Richard G. Scott,sunday-afternoon,2012-10-07 00:00:00.000,October,2012,October 2012,Of the Quorum of the Twelve Apostles,2,1783,16:42,55,https://www.churchofjesuschrist.org/study/general-conference/2012/10/the-joy-of-redeeming-the-dead,"“He shall plant in the hearts of the children the promises made to the fathers, and the hearts of the children shall turn to their fathers.”"
The Caregiver,Henry B. Eyring,relief-society,2012-09-29 00:00:00.000,October,2012,October 2012,First Counselor in the First Presidency,4,2709,21:32,55,https://www.churchofjesuschrist.org/study/general-conference/2012/10/the-caregiver,You will be strengthened and yet inspired to know the limits and extent of your ability to serve.
Two Lines of Communication,Dallin H. Oaks,sunday-morning,2010-10-03 00:00:00.000,October,2010,October 2010,Of the Quorum of the Twelve Apostles,5,2140,16:10,55,https://www.churchofjesuschrist.org/study/general-conference/2010/10/two-lines-of-communication,We must use both the personal line and the priesthood line in proper balance to achieve the growth that is the purpose of mortal life.
Generations Linked in Love,Russell M. Nelson,sunday-afternoon,2010-04-04 00:00:00.000,April,2010,April 2010,Of the Quorum of the Twelve Apostles,1,1642,14:55,55,https://www.churchofjesuschrist.org/study/general-conference/2010/04/generations-linked-in-love,Our inborn yearnings for family connections are fulfilled when we are linked to our ancestors through sacred ordinances of the temple.
Waiting on the Lord,Jeffrey R. Holland,sunday-afternoon,2020-10-04 00:00:00.000,October,2020,October 2020,Of the Quorum of the Twelve Apostles,7,1473,14:19,56,https://www.churchofjesuschrist.org/study/general-conference/2020/10/57holland,"Faith means trusting God in good times and bad, even if that includes some suffering until we see His arm revealed in our behalf."
Bearers of Heavenly Light,Dieter F. Uchtdorf,priesthood,2017-10-07 00:00:00.000,October,2017,October 2017,Second Counselor in the First Presidency,4,2003,22:18,56,https://www.churchofjesuschrist.org/study/general-conference/2017/10/bearers-of-heavenly-light,"As a bearer of God’s priesthood and as a disciple of Jesus Christ, you are a bearer of light."
The Holy Ghost,Robert D. Hales,sunday-afternoon,2016-04-03 00:00:00.000,April,2016,April 2016,Of the Quorum of the Twelve Apostles,1,1571,14:31,56,https://www.churchofjesuschrist.org/study/general-conference/2016/04/the-holy-ghost,"I express my love and gratitude to Heavenly Father for the gift of the Holy Ghost, through which He reveals His will and sustains us."
For Peace at Home,Richard G. Scott,saturday-afternoon,2013-04-06 00:00:00.000,April,2013,April 2013,Of the Quorum of the Twelve Apostles,1,1715,15:29,56,https://www.churchofjesuschrist.org/study/general-conference/2013/04/for-peace-at-home,"One of the greatest blessings we can offer to the world is the power of a Christ-centered home where the gospel is taught, covenants are kept, and love abounds."
Where Is the Pavilion?,Henry B. Eyring,sunday-morning,2012-10-07 00:00:00.000,October,2012,October 2012,First Counselor in the First Presidency,1,2381,18:15,56,https://www.churchofjesuschrist.org/study/general-conference/2012/10/where-is-the-pavilion,"The pavilion that seems to intercept divine aid does not cover God but occasionally covers us. God is never hidden, yet sometimes we are."
Desire,Dallin H. Oaks,saturday-afternoon,2011-04-02 00:00:00.000,April,2011,April 2011,Of the Quorum of the Twelve Apostles,5,1959,,56,https://www.churchofjesuschrist.org/study/general-conference/2011/04/desire,"To achieve our eternal destiny, we will desire and work for the qualities required to become an eternal being."
Be Thou an Example of the Believers,Russell M. Nelson,priesthood,2010-10-02 00:00:00.000,October,2010,October 2010,Of the Quorum of the Twelve Apostles,1,1802,15:37,56,https://www.churchofjesuschrist.org/study/general-conference/2010/10/be-thou-an-example-of-the-believers,"Whether full-time missionaries or members, we should all be good examples of the believers in Jesus Christ."
Three Sisters,Dieter F. Uchtdorf,womens,2017-09-30 00:00:00.000,October,2017,October 2017,Second Counselor in the First Presidency,4,2672,25:30,57,https://www.churchofjesuschrist.org/study/general-conference/2017/10/three-sisters,"We are responsible for our own discipleship, and it has little—if anything—to do with the way others treat us."
"“Come, Follow Me” by Practicing Christian Love and Service",Robert D. Hales,saturday-morning,2016-10-01 00:00:00.000,October,2016,October 2016,Of the Quorum of the Twelve Apostles,2,1485,13:29,57,https://www.churchofjesuschrist.org/study/general-conference/2016/10/come-follow-me-by-practicing-christian-love-and-service,"As the Savior’s latter-day disciples, we come unto Him by loving and serving God’s children."
Personal Strength through the Atonement of Jesus Christ,Richard G. Scott,sunday-morning,2013-10-06 00:00:00.000,October,2013,October 2013,Of the Quorum of the Twelve Apostles,5,1588,15:26,57,https://www.churchofjesuschrist.org/study/general-conference/2013/10/personal-strength-through-the-atonement-of-jesus-christ,"Through the Atonement of Jesus Christ, each of us can become clean and the burden of our rebellion will be lifted."
“Come unto Me”,Henry B. Eyring,saturday-morning,2013-04-06 00:00:00.000,April,2013,April 2013,First Counselor in the First Presidency,7,2490,17:37,57,https://www.churchofjesuschrist.org/study/general-conference/2013/04/come-unto-me,"By His words and His example, Christ has shown us how to draw closer to Him."
Teachings of Jesus,Dallin H. Oaks,sunday-afternoon,2011-10-02 00:00:00.000,October,2011,October 2011,Of the Quorum of the Twelve Apostles,2,2194,16:39,57,https://www.churchofjesuschrist.org/study/general-conference/2011/10/teachings-of-jesus,Jesus Christ is the Only Begotten and Beloved Son of God. … He is our Savior from sin and death. This is the most important knowledge on earth.
Face the Future with Faith,Russell M. Nelson,saturday-afternoon,2011-04-02 00:00:00.000,April,2011,April 2011,Of the Quorum of the Twelve Apostles,2,1615,14:30,57,https://www.churchofjesuschrist.org/study/general-conference/2011/04/face-the-future-with-faith,"Truth, covenants, and ordinances enable us to overcome fear and face the future with faith!"
Behold the Man!,Dieter F. Uchtdorf,sunday-afternoon,2018-04-08 00:00:00.000,April,2018,April 2018,Of the Quorum of the Twelve Apostles,6,1795,17:41,58,https://www.churchofjesuschrist.org/study/general-conference/2018/04/behold-the-man,Those who find a way to truly behold the Man find the doorway to life’s greatest joys and the balm to life’s most demanding despairs.
Becoming a Disciple of Our Lord Jesus Christ,Robert D. Hales,saturday-afternoon,2017-04-01 00:00:00.000,April,2017,April 2017,Of the Quorum of the Twelve Apostles,1,1278,,58,https://www.churchofjesuschrist.org/study/general-conference/2017/04/becoming-a-disciple-of-our-lord-jesus-christ,The constellation of characteristics that result from faith in Christ are all necessary to our standing strong in these last days.
“I Have Given You an Example”,Richard G. Scott,saturday-afternoon,2014-04-05 00:00:00.000,April,2014,April 2014,Of the Quorum of the Twelve Apostles,2,1642,14:58,58,https://www.churchofjesuschrist.org/study/general-conference/2014/04/i-have-given-you-an-example,"The greatest example who ever walked the earth is our Savior, Jesus Christ. … He invites us to follow His perfect example."
We Are One,Henry B. Eyring,priesthood,2013-04-06 00:00:00.000,April,2013,April 2013,First Counselor in the First Presidency,5,2372,15:43,58,https://www.churchofjesuschrist.org/study/general-conference/2013/04/we-are-one,"I pray that wherever we are and whatever duties we have in the priesthood of God, we will be united in the cause to bring the gospel to all the world."
Sacrifice,Dallin H. Oaks,saturday-morning,2012-04-07 00:00:00.000,April,2012,April 2012,Of the Quorum of the Twelve Apostles,6,2014,16:31,58,https://www.churchofjesuschrist.org/study/general-conference/2012/04/sacrifice,Our lives of service and sacrifice are the most appropriate expressions of our commitment to serve the Master and our fellowmen.
Covenants,Russell M. Nelson,sunday-afternoon,2011-10-02 00:00:00.000,October,2011,October 2011,Of the Quorum of the Twelve Apostles,1,1576,14:19,58,https://www.churchofjesuschrist.org/study/general-conference/2011/10/covenants,"When we realize that we are children of the covenant, we know who we are and what God expects of us."
"Believe, Love, Do",Dieter F. Uchtdorf,saturday-afternoon,2018-10-06 00:00:00.000,October,2018,October 2018,Of the Quorum of the Twelve Apostles,6,1949,19:39,59,https://www.churchofjesuschrist.org/study/general-conference/2018/10/believe-love-do,We achieve the abundant life by becoming true disciples of Jesus Christ—by following in His ways and engaging in His work.
Make the Exercise of Faith Your First Priority,Richard G. Scott,sunday-afternoon,2014-10-05 00:00:00.000,October,2014,October 2014,Of the Quorum of the Twelve Apostles,2,1539,,59,https://www.churchofjesuschrist.org/study/general-conference/2014/10/make-the-exercise-of-faith-your-first-priority,"Despite all of the negative challenges we have in life, we must take time to actively exercise our faith."
Bind Up Their Wounds,Henry B. Eyring,priesthood,2013-10-05 00:00:00.000,October,2013,October 2013,First Counselor in the First Presidency,5,2179,16:24,59,https://www.churchofjesuschrist.org/study/general-conference/2013/10/bind-up-their-wounds,I pray that we may prepare ourselves to give whatever priesthood service the Lord may set before us on our mortal journey.
Protect the Children,Dallin H. Oaks,saturday-afternoon,2012-10-06 00:00:00.000,October,2012,October 2012,Of the Quorum of the Twelve Apostles,7,1963,16:35,59,https://www.churchofjesuschrist.org/study/general-conference/2012/10/protect-the-children,None should resist the plea that we unite to increase our concern for the welfare and future of our children—the rising generation.
Thanks Be to God,Russell M. Nelson,sunday-morning,2012-04-08 00:00:00.000,April,2012,April 2012,Of the Quorum of the Twelve Apostles,2,1570,14:37,59,https://www.churchofjesuschrist.org/study/general-conference/2012/04/thanks-be-to-god,How much better it would be if all could be more aware of God’s providence and love and express that gratitude to Him.
Missionary Work: Sharing What Is in Your Heart,Dieter F. Uchtdorf,saturday-morning,2019-04-06 00:00:00.000,April,2019,April 2019,Of the Quorum of the Twelve Apostles,4,1894,17:29,60,https://www.churchofjesuschrist.org/study/general-conference/2019/04/14uchtdorf,"Wherever you are on this earth, there are plenty of opportunities to share the good news of the gospel of Jesus Christ."
To My Grandchildren,Henry B. Eyring,sunday-morning,2013-10-06 00:00:00.000,October,2013,October 2013,First Counselor in the First Presidency,1,2178,16:46,60,https://www.churchofjesuschrist.org/study/general-conference/2013/10/to-my-grandchildren,There is one overarching commandment that will help us to meet the challenges and lead to the heart of a happy family life.
Followers of Christ,Dallin H. Oaks,sunday-afternoon,2013-04-07 00:00:00.000,April,2013,April 2013,Of the Quorum of the Twelve Apostles,2,1983,15:21,60,https://www.churchofjesuschrist.org/study/general-conference/2013/04/followers-of-christ,Following Christ is not a casual or occasional practice but a continuous commitment and way of life that applies at all times and in all places.
Ask the Missionaries! They Can Help You!,Russell M. Nelson,saturday-morning,2012-10-06 00:00:00.000,October,2012,October 2012,Of the Quorum of the Twelve Apostles,6,1854,15:49,60,https://www.churchofjesuschrist.org/study/general-conference/2012/10/ask-the-missionaries-they-can-help-you,"All missionaries, younger and older, serve with the sole hope of making life better for other people."
Your Great Adventure,Dieter F. Uchtdorf,sunday-morning,2019-10-06 00:00:00.000,October,2019,October 2019,Of the Quorum of the Twelve Apostles,3,1985,17:58,61,https://www.churchofjesuschrist.org/study/general-conference/2019/10/43uchtdorf,"The Savior invites us, each day, to set aside our comforts and securities and join Him on the journey of discipleship."
A Priceless Heritage of Hope,Henry B. Eyring,saturday-morning,2014-04-05 00:00:00.000,April,2014,April 2014,First Counselor in the First Presidency,7,2628,20:48,61,https://www.churchofjesuschrist.org/study/general-conference/2014/04/a-priceless-heritage-of-hope,"When you choose whether to make or keep a covenant with God, you choose whether you will leave an inheritance of hope to those who might follow your example."
No Other Gods,Dallin H. Oaks,sunday-morning,2013-10-06 00:00:00.000,October,2013,October 2013,Of the Quorum of the Twelve Apostles,2,1883,16:44,61,https://www.churchofjesuschrist.org/study/general-conference/2013/10/no-other-gods,Are we serving priorities or gods ahead of the God we profess to worship?
Catch the Wave,Russell M. Nelson,saturday-afternoon,2013-04-06 00:00:00.000,April,2013,April 2013,Of the Quorum of the Twelve Apostles,6,1571,14:15,61,https://www.churchofjesuschrist.org/study/general-conference/2013/04/catch-the-wave,"I thank God and His Son, Jesus Christ, for the Restoration and its power to propel a magnificent wave of truth and righteousness across the earth."
Mothers and Daughters,M. Russell Ballard,saturday-morning,2010-04-03 00:00:00.000,April,2010,April 2010,Of the Quorum of the Twelve Apostles,6,2124,16:28,61,https://www.churchofjesuschrist.org/study/general-conference/2010/04/mothers-and-daughters,In these last days it is essential—even critical—that parents and children listen to and learn from one another.
Come and Belong,Dieter F. Uchtdorf,sunday-afternoon,2020-04-05 00:00:00.000,April,2020,April 2020,Of the Quorum of the Twelve Apostles,4,1981,16:54,62,https://www.churchofjesuschrist.org/study/general-conference/2020/04/54uchtdorf,We invite all of God’s children throughout the world to join us in this great endeavor.
The Keys and Authority of the Priesthood,Dallin H. Oaks,priesthood,2014-04-05 00:00:00.000,April,2014,April 2014,Of the Quorum of the Twelve Apostles,1,1921,16:21,62,https://www.churchofjesuschrist.org/study/general-conference/2014/04/the-keys-and-authority-of-the-priesthood,"Priesthood keys direct women as well as men, and priesthood ordinances and priesthood authority pertain to women as well as men."
Daughters in the Covenant,Henry B. Eyring,womens,2014-03-29 00:00:00.000,April,2014,April 2014,First Counselor in the First Presidency,4,2257,,62,https://www.churchofjesuschrist.org/study/general-conference/2014/04/daughters-in-the-covenant,The path … we must take on our journey back to our Heavenly Father … is marked by sacred covenants with God.
Decisions for Eternity,Russell M. Nelson,sunday-afternoon,2013-10-06 00:00:00.000,October,2013,October 2013,Of the Quorum of the Twelve Apostles,7,1485,14:25,62,https://www.churchofjesuschrist.org/study/general-conference/2013/10/decisions-for-eternity,"The wise use of your freedom to make your own decisions is crucial to your spiritual growth, now and for eternity."
O That Cunning Plan of the Evil One,M. Russell Ballard,sunday-afternoon,2010-10-03 00:00:00.000,October,2010,October 2010,Of the Quorum of the Twelve Apostles,7,1958,16:56,62,https://www.churchofjesuschrist.org/study/general-conference/2010/10/o-that-cunning-plan-of-the-evil-one,"There is hope for the addicted, and this hope comes through the Atonement of the Lord Jesus Christ."
God Will Do Something Unimaginable,Dieter F. Uchtdorf,saturday-afternoon,2020-10-03 00:00:00.000,October,2020,October 2020,Of the Quorum of the Twelve Apostles,7,1815,15:18,63,https://www.churchofjesuschrist.org/study/general-conference/2020/10/28uchtdorf,God has prepared His children and His Church for this time.
Loving Others and Living with Differences,Dallin H. Oaks,saturday-afternoon,2014-10-04 00:00:00.000,October,2014,October 2014,Of the Quorum of the Twelve Apostles,1,1868,15:12,63,https://www.churchofjesuschrist.org/study/general-conference/2014/10/loving-others-and-living-with-differences,As followers of Christ we should live peacefully with others who do not share our values or accept the teachings upon which they are based.
Let Your Faith Show,Russell M. Nelson,saturday-afternoon,2014-04-05 00:00:00.000,April,2014,April 2014,Of the Quorum of the Twelve Apostles,1,1536,14:56,63,https://www.churchofjesuschrist.org/study/general-conference/2014/04/let-your-faith-show,"Day after day, on your path toward your eternal destiny, increase your faith. Proclaim your faith! Let your faith show!"
The Priesthood Man,Henry B. Eyring,priesthood,2014-04-05 00:00:00.000,April,2014,April 2014,First Counselor in the First Presidency,5,2167,16:23,63,https://www.churchofjesuschrist.org/study/general-conference/2014/04/the-priesthood-man,"You can be a great model, an average one, or a bad model. You may think it doesn’t matter to you, but it does to the Lord."
Finding Joy through Loving Service,M. Russell Ballard,saturday-afternoon,2011-04-02 00:00:00.000,April,2011,April 2011,Of the Quorum of the Twelve Apostles,6,1965,,63,https://www.churchofjesuschrist.org/study/general-conference/2011/04/finding-joy-through-loving-service,"May we show our love and appreciation for the Savior’s atoning sacrifice through our simple, compassionate acts of service."
The Parable of the Sower,Dallin H. Oaks,saturday-morning,2015-04-04 00:00:00.000,April,2015,April 2015,Of the Quorum of the Twelve Apostles,4,1883,15:38,64,https://www.churchofjesuschrist.org/study/general-conference/2015/04/the-parable-of-the-sower,It is up to each of us to set the priorities and to do the things that make our soil good and our harvest plentiful.
Continuing Revelation,Henry B. Eyring,sunday-morning,2014-10-05 00:00:00.000,October,2014,October 2014,First Counselor in the First Presidency,1,2412,17:30,64,https://www.churchofjesuschrist.org/study/general-conference/2014/10/continuing-revelation,Human judgment and logical thinking will not be enough to get answers to the questions that matter most in life. We need revelation from God.
Sustaining the Prophets,Russell M. Nelson,sunday-morning,2014-10-05 00:00:00.000,October,2014,October 2014,Of the Quorum of the Twelve Apostles,2,1630,15:20,64,https://www.churchofjesuschrist.org/study/general-conference/2014/10/sustaining-the-prophets,Our sustaining of prophets is a personal commitment that we will do our utmost to uphold their prophetic priorities.
The Importance of a Name,M. Russell Ballard,sunday-morning,2011-10-02 00:00:00.000,October,2011,October 2011,Of the Quorum of the Twelve Apostles,5,1844,14:17,64,https://www.churchofjesuschrist.org/study/general-conference/2011/10/the-importance-of-a-name,Let us develop the habit … of making it clear that The Church of Jesus Christ of Latter-day Saints is the name by which the Lord Himself has directed that we be known.
Strengthened by the Atonement of Jesus Christ,Dallin H. Oaks,saturday-afternoon,2015-10-03 00:00:00.000,October,2015,October 2015,Of the Quorum of the Twelve Apostles,7,1790,15:54,65,https://www.churchofjesuschrist.org/study/general-conference/2015/10/strengthened-by-the-atonement-of-jesus-christ,"Because of His Atonement, the Savior has the power to succor—to help—every mortal pain and affliction."
The Sabbath Is a Delight,Russell M. Nelson,sunday-afternoon,2015-04-05 00:00:00.000,April,2015,April 2015,Of the Quorum of the Twelve Apostles,7,1630,14:47,65,https://www.churchofjesuschrist.org/study/general-conference/2015/04/the-sabbath-is-a-delight,How can you ensure that your behavior on the Sabbath will lead to joy and rejoicing?
The Preparatory Priesthood,Henry B. Eyring,priesthood,2014-10-04 00:00:00.000,October,2014,October 2014,First Counselor in the First Presidency,5,2285,16:54,65,https://www.churchofjesuschrist.org/study/general-conference/2014/10/the-preparatory-priesthood,"In priesthood preparation, “show me” counts more than “tell me.”"
That the Lost May Be Found,M. Russell Ballard,sunday-afternoon,2012-04-08 00:00:00.000,April,2012,April 2012,Of the Quorum of the Twelve Apostles,2,1974,,65,https://www.churchofjesuschrist.org/study/general-conference/2012/04/that-the-lost-may-be-found,"As you seek to live the gospel and doctrine of Christ, the Holy Ghost will guide you and your family."
Opposition in All Things,Dallin H. Oaks,sunday-afternoon,2016-04-03 00:00:00.000,April,2016,April 2016,Of the Quorum of the Twelve Apostles,4,1899,15:28,66,https://www.churchofjesuschrist.org/study/general-conference/2016/04/opposition-in-all-things,Opposition permits us to grow toward what our Heavenly Father would have us become.
A Plea to My Sisters,Russell M. Nelson,sunday-morning,2015-10-04 00:00:00.000,October,2015,October 2015,President of the Quorum of the Twelve Apostles,5,1678,15:33,66,https://www.churchofjesuschrist.org/study/general-conference/2015/10/a-plea-to-my-sisters,"We need your strength, your conversion, your conviction, your ability to lead, your wisdom, and your voices."
“Is Not This the Fast That I Have Chosen?”,Henry B. Eyring,saturday-morning,2015-04-04 00:00:00.000,April,2015,April 2015,First Counselor in the First Presidency,1,2372,17:19,66,https://www.churchofjesuschrist.org/study/general-conference/2015/04/is-not-this-the-fast-that-i-have-chosen,Your fast offering will do more than help feed and clothe bodies. It will heal and change hearts.
Be Anxiously Engaged,M. Russell Ballard,saturday-afternoon,2012-10-06 00:00:00.000,October,2012,October 2012,Of the Quorum of the Twelve Apostles,2,1768,,66,https://www.churchofjesuschrist.org/study/general-conference/2012/10/be-anxiously-engaged,Great things are brought about and burdens are lightened through the efforts of many hands “anxiously engaged in a good cause.”
Sharing the Restored Gospel,Dallin H. Oaks,saturday-afternoon,2016-10-01 00:00:00.000,October,2016,October 2016,Of the Quorum of the Twelve Apostles,6,1858,,67,https://www.churchofjesuschrist.org/study/general-conference/2016/10/sharing-the-restored-gospel,What we call “member missionary work” is not a program but an attitude of love and outreach to help those around us.
The Price of Priesthood Power,Russell M. Nelson,priesthood,2016-04-02 00:00:00.000,April,2016,April 2016,President of the Quorum of the Twelve Apostles,1,1687,15:41,67,https://www.churchofjesuschrist.org/study/general-conference/2016/04/the-price-of-priesthood-power,"Are we willing to pray, fast, study, seek, worship, and serve as men of God so we can have priesthood power?"
Priesthood and Personal Prayer,Henry B. Eyring,priesthood,2015-04-04 00:00:00.000,April,2015,April 2015,First Counselor in the First Presidency,5,2442,16:59,67,https://www.churchofjesuschrist.org/study/general-conference/2015/04/priesthood-and-personal-prayer,God can grant us power in the priesthood for whatever circumstance we may be in. It simply requires that we ask in humility.
“This Is My Work and Glory”,M. Russell Ballard,saturday-morning,2013-04-06 00:00:00.000,April,2013,April 2013,Of the Quorum of the Twelve Apostles,6,2016,17:11,67,https://www.churchofjesuschrist.org/study/general-conference/2013/04/this-is-my-work-and-glory,"God has freely given His power to those who accept and honor His priesthood, which leads to the promised blessings of immortality and eternal life."
The Godhead and the Plan of Salvation,Dallin H. Oaks,sunday-morning,2017-04-02 00:00:00.000,April,2017,April 2017,Of the Quorum of the Twelve Apostles,6,1854,15:17,68,https://www.churchofjesuschrist.org/study/general-conference/2017/04/the-godhead-and-the-plan-of-salvation,"Because we have the truth about the Godhead and our relationship to Them, we have the ultimate road map for our journey through mortality."
Joy and Spiritual Survival,Russell M. Nelson,sunday-morning,2016-10-02 00:00:00.000,October,2016,October 2016,President of the Quorum of the Twelve Apostles,2,1631,,68,https://www.churchofjesuschrist.org/study/general-conference/2016/10/joy-and-spiritual-survival,"When the focus of our lives is on Jesus Christ and His gospel, we can feel joy regardless of what is happening—or not happening—in our lives."
The Comforter,Henry B. Eyring,womens,2015-03-28 00:00:00.000,April,2015,April 2015,First Counselor in the First Presidency,4,2239,,68,https://www.churchofjesuschrist.org/study/general-conference/2015/04/the-comforter,"I give my witness that the living Christ sends the Holy Ghost, the Comforter, to those we are pledged to help Him comfort."
Put Your Trust in the Lord,M. Russell Ballard,saturday-afternoon,2013-10-05 00:00:00.000,October,2013,October 2013,Of the Quorum of the Twelve Apostles,7,1957,15:42,68,https://www.churchofjesuschrist.org/study/general-conference/2013/10/put-your-trust-in-the-lord,Become engaged in doing what you can in sharing the great message of the Restoration of the gospel of Jesus Christ.
The Plan and the Proclamation,Dallin H. Oaks,saturday-morning,2017-10-07 00:00:00.000,October,2017,October 2017,Of the Quorum of the Twelve Apostles,3,1974,,69,https://www.churchofjesuschrist.org/study/general-conference/2017/10/the-plan-and-the-proclamation,The family proclamation is the Lord’s reemphasis of the gospel truths we need to sustain us through current challenges to the family.
Drawing the Power of Jesus Christ into Our Lives,Russell M. Nelson,saturday-morning,2017-04-01 00:00:00.000,April,2017,April 2017,President of the Quorum of the Twelve Apostles,7,1574,14:51,69,https://www.churchofjesuschrist.org/study/general-conference/2017/04/drawing-the-power-of-jesus-christ-into-our-lives,"The gospel of Jesus Christ is filled with His power, which is available to every earnestly seeking daughter or son of God."
The Holy Ghost as Your Companion,Henry B. Eyring,sunday-morning,2015-10-04 00:00:00.000,October,2015,October 2015,First Counselor in the First Presidency,8,2390,17:16,69,https://www.churchofjesuschrist.org/study/general-conference/2015/10/the-holy-ghost-as-your-companion,"We can, if we live worthy of it, have the blessing of the Spirit to be with us, not only now and then but always."
Following Up,M. Russell Ballard,sunday-morning,2014-04-06 00:00:00.000,April,2014,April 2014,Of the Quorum of the Twelve Apostles,2,1903,,69,https://www.churchofjesuschrist.org/study/general-conference/2014/04/following-up,We can all be more consistently involved in missionary work by replacing our fear with real faith.
Small and Simple Things,Dallin H. Oaks,sunday-morning,2018-04-08 00:00:00.000,April,2018,April 2018,First Counselor in the First Presidency,6,1992,17:36,70,https://www.churchofjesuschrist.org/study/general-conference/2018/04/small-and-simple-things,"We need to be reminded that in total and over a significant period of time, seemingly small things bring to pass great things."
The Book of Mormon: What Would Your Life Be Like without It?,Russell M. Nelson,saturday-afternoon,2017-10-07 00:00:00.000,October,2017,October 2017,President of the Quorum of the Twelve Apostles,6,2062,,70,https://www.churchofjesuschrist.org/study/general-conference/2017/10/the-book-of-mormon-what-would-your-life-be-like-without-it,"In a most miraculous and singular way, the Book of Mormon teaches us of Jesus Christ and His gospel."
You Are Not Alone in the Work,Henry B. Eyring,priesthood,2015-10-03 00:00:00.000,October,2015,October 2015,First Counselor in the First Presidency,4,2066,15:49,70,https://www.churchofjesuschrist.org/study/general-conference/2015/10/you-are-not-alone-in-the-work,"As you move from one priesthood service to another, you will see the Lord is in the work with you."
Stay in the Boat and Hold On!,M. Russell Ballard,sunday-afternoon,2014-10-05 00:00:00.000,October,2014,October 2014,Of the Quorum of the Twelve Apostles,1,1845,16:16,70,https://www.churchofjesuschrist.org/study/general-conference/2014/10/stay-in-the-boat-and-hold-on,"If we keep our focus on the Lord, we are promised a blessing beyond comparison."
Introductory Remarks,Russell M. Nelson,priesthood,2018-04-07 00:00:00.000,April,2018,April 2018,President of the Church,2,419,3:39,71,https://www.churchofjesuschrist.org/study/general-conference/2018/04/introductory-remarks,We announce a significant restructuring of our Melchizedek Priesthood quorums to accomplish the work of the Lord more effectively.
The Powers of the Priesthood,Dallin H. Oaks,priesthood,2018-04-07 00:00:00.000,April,2018,April 2018,First Counselor in the First Presidency,6,1894,,71,https://www.churchofjesuschrist.org/study/general-conference/2018/04/the-powers-of-the-priesthood,The magnifying of the holy priesthood you hold is vital to the work of the Lord in your families and in your Church callings.
Eternal Families,Henry B. Eyring,priesthood,2016-04-02 00:00:00.000,April,2016,April 2016,First Counselor in the First Presidency,4,2279,15:34,71,https://www.churchofjesuschrist.org/study/general-conference/2016/04/eternal-families,Our priesthood obligation is to put our families and the families of those around us at the center of our concern.
The Greatest Generation of Young Adults,M. Russell Ballard,priesthood,2015-04-04 00:00:00.000,April,2015,April 2015,Of the Quorum of the Twelve Apostles,1,1845,15:45,71,https://www.churchofjesuschrist.org/study/general-conference/2015/04/the-greatest-generation-of-young-adults,What we need now is the greatest generation of young adults in the history of the Church. We need your whole heart and soul.
Parents and Children,Dallin H. Oaks,womens,2018-10-06 00:00:00.000,October,2018,October 2018,First Counselor in the First Presidency,5,1563,13:14,72,https://www.churchofjesuschrist.org/study/general-conference/2018/10/parents-and-children,Our Heavenly Father’s great plan of happiness tells you who you are and the purpose of your life.
Let Us All Press On,Russell M. Nelson,sunday-afternoon,2018-04-08 00:00:00.000,April,2018,April 2018,President of the Church,9,606,,72,https://www.churchofjesuschrist.org/study/general-conference/2018/04/let-us-all-press-on,Your desire to obey will be enhanced as you remember and reflect upon what you have felt these past two days.
Trust in That Spirit Which Leadeth to Do Good,Henry B. Eyring,womens,2016-03-26 00:00:00.000,April,2016,April 2016,First Counselor in the First Presidency,4,1811,13:31,72,https://www.churchofjesuschrist.org/study/general-conference/2016/04/trust-in-that-spirit-which-leadeth-to-do-good,"We grow closer to the Savior as we, out of pure love, serve others for Him."
God Is at the Helm,M. Russell Ballard,saturday-morning,2015-10-03 00:00:00.000,October,2015,October 2015,Of the Quorum of the Twelve Apostles,2,1839,15:45,72,https://www.churchofjesuschrist.org/study/general-conference/2015/10/god-is-at-the-helm,"Commandments and covenants are priceless truths and doctrines found in the Old Ship Zion, where God is at the helm."
Truth and the Plan,Dallin H. Oaks,saturday-morning,2018-10-06 00:00:00.000,October,2018,October 2018,First Counselor in the First Presidency,7,1888,15:49,73,https://www.churchofjesuschrist.org/study/general-conference/2018/10/truth-and-the-plan,"When we seek the truth about religion, we should use spiritual methods appropriate for that search."
Ministering,Russell M. Nelson,sunday-afternoon,2018-04-08 00:00:00.000,April,2018,April 2018,President of the Church,3,243,2:15,73,https://www.churchofjesuschrist.org/study/general-conference/2018/04/ministering,"We will implement a newer, holier approach to caring for and ministering to others."
Where Two or Three Are Gathered,Henry B. Eyring,saturday-morning,2016-04-02 00:00:00.000,April,2016,April 2016,First Counselor in the First Presidency,1,2140,14:23,73,https://www.churchofjesuschrist.org/study/general-conference/2016/04/where-two-or-three-are-gathered,"If you listen with the Spirit, you will find your heart softened, your faith strengthened, and your capacity to love the Lord increased."
Family Councils,M. Russell Ballard,saturday-afternoon,2016-04-02 00:00:00.000,April,2016,April 2016,Of the Quorum of the Twelve Apostles,6,1716,14:28,73,https://www.churchofjesuschrist.org/study/general-conference/2016/04/family-councils,"When parents are prepared and children listen and participate in the discussion, the family council is truly working!"
Where Will This Lead?,Dallin H. Oaks,priesthood,2019-04-06 00:00:00.000,April,2019,April 2019,First Counselor in the First Presidency,5,1370,11:45,74,https://www.churchofjesuschrist.org/study/general-conference/2019/04/35oaks,We make better choices and decisions if we look at the alternatives and ponder where they will lead.
Ministering with the Power and Authority of God,Russell M. Nelson,priesthood,2018-04-07 00:00:00.000,April,2018,April 2018,President of the Church,7,1608,14:28,74,https://www.churchofjesuschrist.org/study/general-conference/2018/04/ministering-with-the-power-and-authority-of-god,"We will minister in His name, with His power and authority, and with His loving-kindness."
To Whom Shall We Go?,M. Russell Ballard,sunday-morning,2016-10-02 00:00:00.000,October,2016,October 2016,Of the Quorum of the Twelve Apostles,5,1682,14:23,74,https://www.churchofjesuschrist.org/study/general-conference/2016/10/to-whom-shall-we-go,"In the end, each one of us must respond to the Savior’s question: “Will ye also go away?”"
Gratitude on the Sabbath Day,Henry B. Eyring,sunday-morning,2016-10-02 00:00:00.000,October,2016,October 2016,First Counselor in the First Presidency,8,2088,15:57,74,https://www.churchofjesuschrist.org/study/general-conference/2016/10/gratitude-on-the-sabbath-day,"For Latter-day Saints, the Sabbath is a day of gratitude and love."
Cleansed by Repentance,Dallin H. Oaks,sunday-afternoon,2019-04-07 00:00:00.000,April,2019,April 2019,First Counselor in the First Presidency,1,1944,15:27,75,https://www.churchofjesuschrist.org/study/general-conference/2019/04/51oaks,"Because of God’s plan and the Atonement of Jesus Christ, we can be cleansed by the process of repentance."
"Revelation for the Church, Revelation for Our Lives",Russell M. Nelson,sunday-morning,2018-04-08 00:00:00.000,April,2018,April 2018,President of the Church,7,2197,20:28,75,https://www.churchofjesuschrist.org/study/general-conference/2018/04/revelation-for-the-church-revelation-for-our-lives,"In coming days, it will not be possible to survive spiritually without the guiding, directing, comforting, and constant influence of the Holy Ghost."
Return and Receive,M. Russell Ballard,saturday-afternoon,2017-04-01 00:00:00.000,April,2017,April 2017,Of the Quorum of the Twelve Apostles,6,1758,16:11,75,https://www.churchofjesuschrist.org/study/general-conference/2017/04/return-and-receive,To return to God’s presence and to receive the eternal blessings that come from making and keeping covenants are the most important goals we can set.
That He May Become Strong Also,Henry B. Eyring,priesthood,2016-10-01 00:00:00.000,October,2016,October 2016,First Counselor in the First Presidency,4,2196,17:20,75,https://www.churchofjesuschrist.org/study/general-conference/2016/10/that-he-may-become-strong-also,I pray that we will rise to our call to lift others to prepare them for their glorious service.
Trust in the Lord,Dallin H. Oaks,saturday-morning,2019-10-05 00:00:00.000,October,2019,October 2019,First Counselor in the First Presidency,7,1734,14:48,76,https://www.churchofjesuschrist.org/study/general-conference/2019/10/17oaks,Our only sure reliance is to trust in the Lord and His love for His children.
Becoming Exemplary Latter-day Saints,Russell M. Nelson,sunday-afternoon,2018-10-07 00:00:00.000,October,2018,October 2018,President of the Church,8,774,,76,https://www.churchofjesuschrist.org/study/general-conference/2018/10/becoming-exemplary-latter-day-saints,"I leave my love and blessing upon you, that you may feast upon the word of the Lord and apply His teachings in your personal lives."
The Trek Continues!,M. Russell Ballard,sunday-afternoon,2017-10-08 00:00:00.000,October,2017,October 2017,Of the Quorum of the Twelve Apostles,1,1529,13:30,76,https://www.churchofjesuschrist.org/study/general-conference/2017/10/the-trek-continues,A trek back to our Heavenly Father is the most important trek of our lives.
Gathering the Family of God,Henry B. Eyring,saturday-morning,2017-04-01 00:00:00.000,April,2017,April 2017,First Counselor in the First Presidency,1,2471,,76,https://www.churchofjesuschrist.org/study/general-conference/2017/04/gathering-the-family-of-god,"God the Father wants His children home again, in families and in glory."
Two Great Commandments,Dallin H. Oaks,womens,2019-10-05 00:00:00.000,October,2019,October 2019,First Counselor in the First Presidency,5,1387,12:48,77,https://www.churchofjesuschrist.org/study/general-conference/2019/10/35oaks,"We must try to keep both of the great commandments. To do so, we walk a fine line between law and love."
Opening Remarks,Russell M. Nelson,saturday-morning,2018-10-06 00:00:00.000,October,2018,October 2018,President of the Church,1,711,6:38,77,https://www.churchofjesuschrist.org/study/general-conference/2018/10/opening-remarks,"It is time for a home-centered Church, supported by what takes place inside our branch, ward, and stake buildings."
Precious Gifts from God,M. Russell Ballard,saturday-morning,2018-04-07 00:00:00.000,April,2018,April 2018,Acting President of the Quorum of the Twelve Apostles,2,1657,14:29,77,https://www.churchofjesuschrist.org/study/general-conference/2018/04/precious-gifts-from-god,"Life can be filled with faith, joy, happiness, hope, and love when we exercise the smallest amount of real faith in Christ."
“My Peace I Leave with You”,Henry B. Eyring,womens,2017-03-25 00:00:00.000,April,2017,April 2017,First Counselor in the First Presidency,4,1926,14:37,77,https://www.churchofjesuschrist.org/study/general-conference/2017/04/my-peace-i-leave-with-you,The Lord promised peace to His disciples as He was about to leave them. He has made the same promise to us.
Mothers Teaching Children in the Home,L. Tom Perry,saturday-afternoon,2010-04-03 00:00:00.000,April,2010,April 2010,Of the Quorum of the Twelve Apostles,1,1903,13:43,77,https://www.churchofjesuschrist.org/study/general-conference/2010/04/mothers-teaching-children-in-the-home,I believe it is by divine design that the role of motherhood emphasizes the nurturing and teaching of the next generation.
The Melchizedek Priesthood and the Keys,Dallin H. Oaks,saturday-evening,2020-04-04 00:00:00.000,April,2020,April 2020,First Counselor in the First Presidency,6,1765,14:21,78,https://www.churchofjesuschrist.org/study/general-conference/2020/04/36oaks,In the Church the authority of the priesthood is exercised under the direction of a priesthood leader who holds the keys of that priesthood.
Sisters’ Participation in the Gathering of Israel,Russell M. Nelson,womens,2018-10-06 00:00:00.000,October,2018,October 2018,President of the Church,6,1654,16:18,78,https://www.churchofjesuschrist.org/study/general-conference/2018/10/sisters-participation-in-the-gathering-of-israel,"I’m extending a prophetic plea to you, the women of the Church, to shape the future by helping to gather scattered Israel."
The Vision of the Redemption of the Dead,M. Russell Ballard,sunday-morning,2018-10-07 00:00:00.000,October,2018,October 2018,Acting President of the Quorum of the Twelve Apostles,1,1753,15:20,78,https://www.churchofjesuschrist.org/study/general-conference/2018/10/the-vision-of-the-redemption-of-the-dead,I testify that the vision President Joseph F. Smith received is true. I bear witness that every person can come to know it is true.
“Walk with Me”,Henry B. Eyring,priesthood,2017-04-01 00:00:00.000,April,2017,April 2017,First Counselor in the First Presidency,5,2564,18:21,78,https://www.churchofjesuschrist.org/study/general-conference/2017/04/walk-with-me,"Our ordination to the priesthood is an invitation from the Lord to walk with Him, to do what He does, to serve the way He serves."
The Priesthood of Aaron,L. Tom Perry,sunday-afternoon,2010-10-03 00:00:00.000,October,2010,October 2010,Of the Quorum of the Twelve Apostles,1,2011,13:27,78,https://www.churchofjesuschrist.org/study/general-conference/2010/10/the-priesthood-of-aaron,"The priesthood you bear is a special gift, for the giver is the Lord Himself. Use it, magnify it, and live worthy of it."
The Great Plan,Dallin H. Oaks,sunday-afternoon,2020-04-05 00:00:00.000,April,2020,April 2020,First Counselor in the First Presidency,1,1963,,79,https://www.churchofjesuschrist.org/study/general-conference/2020/04/51oaks,We who know God’s plan and who have covenanted to participate have a clear responsibility to teach these truths.
"The True, Pure, and Simple Gospel of Jesus Christ",M. Russell Ballard,saturday-afternoon,2019-04-06 00:00:00.000,April,2019,April 2019,Acting President of the Quorum of the Twelve Apostles,1,1710,14:28,79,https://www.churchofjesuschrist.org/study/general-conference/2019/04/23ballard,"Loving God and loving our neighbors is the doctrinal foundation of ministering; home-centered, Church-supported learning; Sabbath-day spiritual worship; and the work of salvation."
The Correct Name of the Church,Russell M. Nelson,sunday-morning,2018-10-07 00:00:00.000,October,2018,October 2018,President of the Church,6,1648,15:43,79,https://www.churchofjesuschrist.org/study/general-conference/2018/10/the-correct-name-of-the-church,"Jesus Christ directed us to call the Church by His name because it is His Church, filled with His power."
Fear Not to Do Good,Henry B. Eyring,sunday-morning,2017-10-08 00:00:00.000,October,2017,October 2017,First Counselor in the First Presidency,6,2518,18:49,79,https://www.churchofjesuschrist.org/study/general-conference/2017/10/fear-not-to-do-good,"The Lord tells us that when we stand with faith upon His rock, doubt and fear are diminished; the desire to do good increases."
The Sabbath and the Sacrament,L. Tom Perry,saturday-morning,2011-04-02 00:00:00.000,April,2011,April 2011,Of the Quorum of the Twelve Apostles,2,1845,14:19,79,https://www.churchofjesuschrist.org/study/general-conference/2011/04/the-sabbath-and-the-sacrament,Let your family be filled with love as you honor the Sabbath all day long and experience its spiritual blessings throughout the week.
Love Your Enemies,Dallin H. Oaks,saturday-morning,2020-10-03 00:00:00.000,October,2020,October 2020,First Counselor in the First Presidency,7,1862,16:19,80,https://www.churchofjesuschrist.org/study/general-conference/2020/10/17oaks,Knowing that we are all children of God gives us a vision of the worth of others and the ability to rise above prejudice.
Giving Our Spirits Control over Our Bodies,M. Russell Ballard,sunday-afternoon,2019-10-06 00:00:00.000,October,2019,October 2019,Acting President of the Quorum of the Twelve Apostles,3,1810,15:36,80,https://www.churchofjesuschrist.org/study/general-conference/2019/10/53ballard,One of the most important things we can learn in this life is how to emphasize our eternal spiritual nature and control our evil desires.
We Can Do Better and Be Better,Russell M. Nelson,priesthood,2019-04-06 00:00:00.000,April,2019,April 2019,President of the Church,6,1547,14:57,80,https://www.churchofjesuschrist.org/study/general-conference/2019/04/36nelson,Make your focus on daily repentance so integral to your life that you can exercise the priesthood with greater power than ever before.
The Lord Leads His Church,Henry B. Eyring,priesthood,2017-10-07 00:00:00.000,October,2017,October 2017,First Counselor in the First Presidency,5,2311,17:22,80,https://www.churchofjesuschrist.org/study/general-conference/2017/10/the-lord-leads-his-church,The Lord’s leadership of His Church requires great and steady faith from all who serve Him on earth.
Perfect Love Casteth Out Fear,L. Tom Perry,saturday-afternoon,2011-10-01 00:00:00.000,October,2011,October 2011,Of the Quorum of the Twelve Apostles,7,1926,14:24,80,https://www.churchofjesuschrist.org/study/general-conference/2011/10/perfect-love-casteth-out-fear,"If you will respond to the invitation to share your beliefs and feelings about the restored gospel of Jesus Christ, a spirit of love and a spirit of courage will be your constant companion."
The Power of the Priesthood,Boyd K. Packer,saturday-morning,2010-04-03 00:00:00.000,April,2010,April 2010,President of the Quorum of the Twelve Apostles,2,2487,17:26,80,https://www.churchofjesuschrist.org/study/general-conference/2010/04/the-power-of-the-priesthood,The priesthood does not have the strength that it should have and will not have until the power of the priesthood is firmly fixed in the families.
Be of Good Cheer,Dallin H. Oaks,womens,2020-10-03 00:00:00.000,October,2020,October 2020,First Counselor in the First Presidency,5,1487,12:10,81,https://www.churchofjesuschrist.org/study/general-conference/2020/10/36oaks,Our unshakable faith in the doctrine of the restored gospel of Jesus Christ guides our steps and gives us joy.
Shall We Not Go On in So Great a Cause?,M. Russell Ballard,saturday-morning,2020-04-04 00:00:00.000,April,2020,April 2020,Acting President of the Quorum of the Twelve Apostles,2,2234,18:46,81,https://www.churchofjesuschrist.org/study/general-conference/2020/04/12ballard,"We should always remember the price Joseph and Hyrum Smith paid, along with so many other faithful men, women, and children, to establish the Church."
"“Come, Follow Me”",Russell M. Nelson,sunday-morning,2019-04-07 00:00:00.000,April,2019,April 2019,President of the Church,6,1898,17:51,81,https://www.churchofjesuschrist.org/study/general-conference/2019/04/46nelson,Jesus Christ invites us to take the covenant path back home to our Heavenly Parents and be with those we love.
His Spirit to Be with You,Henry B. Eyring,sunday-morning,2018-04-08 00:00:00.000,April,2018,April 2018,Second Counselor in the First Presidency,5,2180,,81,https://www.churchofjesuschrist.org/study/general-conference/2018/04/his-spirit-to-be-with-you,"I pray with all my heart that you will hear the voice of the Spirit, which is sent to you so generously."
The Power of Deliverance,L. Tom Perry,sunday-afternoon,2012-04-08 00:00:00.000,April,2012,April 2012,Of the Quorum of the Twelve Apostles,1,1892,14:28,81,https://www.churchofjesuschrist.org/study/general-conference/2012/04/the-power-of-deliverance,We can be delivered from the ways of evil and wickedness by turning to the teachings of the holy scriptures.
Cleansing the Inner Vessel,Boyd K. Packer,sunday-morning,2010-10-03 00:00:00.000,October,2010,October 2010,President of the Quorum of the Twelve Apostles,2,2075,16:54,81,https://www.churchofjesuschrist.org/study/general-conference/2010/10/cleansing-the-inner-vessel,Nowhere are the generosity and the kindness and mercy of God more manifest than in repentance.
"Watch Ye Therefore, and Pray Always",M. Russell Ballard,sunday-morning,2020-10-04 00:00:00.000,October,2020,October 2020,Acting President of the Quorum of the Twelve Apostles,1,1722,,82,https://www.churchofjesuschrist.org/study/general-conference/2020/10/41ballard,Today I expand my call for prayer to all people from every country around the world.
Closing Remarks,Russell M. Nelson,sunday-afternoon,2019-04-07 00:00:00.000,April,2019,April 2019,President of the Church,7,696,6:41,82,https://www.churchofjesuschrist.org/study/general-conference/2019/04/57nelson,May we dedicate and rededicate our lives to serving God and His children—on both sides of the veil.
Inspired Ministering,Henry B. Eyring,priesthood,2018-04-07 00:00:00.000,April,2018,April 2018,Second Counselor in the First Presidency,5,2217,15:53,82,https://www.churchofjesuschrist.org/study/general-conference/2018/04/inspired-ministering,We receive the Holy Spirit best when we are focused on serving others. That is why we have the priesthood responsibility to serve for the Savior.
Becoming Goodly Parents,L. Tom Perry,saturday-afternoon,2012-10-06 00:00:00.000,October,2012,October 2012,Of the Quorum of the Twelve Apostles,1,1915,14:24,82,https://www.churchofjesuschrist.org/study/general-conference/2012/10/becoming-goodly-parents,There are many ways that goodly parents can access the help and support they need to teach the gospel of Jesus Christ to their children.
Guided by the Holy Spirit,Boyd K. Packer,saturday-afternoon,2011-04-02 00:00:00.000,April,2011,April 2011,President of the Quorum of the Twelve Apostles,1,2133,15:58,82,https://www.churchofjesuschrist.org/study/general-conference/2011/04/guided-by-the-holy-spirit,Every one of us can be guided by the spirit of revelation and the gift of the Holy Ghost.
"Witnesses, Aaronic Priesthood Quorums, and Young Women Classes",Russell M. Nelson,saturday-afternoon,2019-10-05 00:00:00.000,October,2019,October 2019,President of the Church,3,453,,83,https://www.churchofjesuschrist.org/study/general-conference/2019/10/24nelson,The adjustments we will now announce are intended to help young men and young women develop their sacred personal potential.
Solemn Assembly,Henry B. Eyring,saturday-morning,2018-04-07 00:00:00.000,April,2018,April 2018,Second Counselor in the First Presidency,1,1050,,83,https://www.churchofjesuschrist.org/study/general-conference/2018/04/solemn-assembly,
Obedience to Law Is Liberty,L. Tom Perry,sunday-morning,2013-04-07 00:00:00.000,April,2013,April 2013,Of the Quorum of the Twelve Apostles,5,1711,14:42,83,https://www.churchofjesuschrist.org/study/general-conference/2013/04/obedience-to-law-is-liberty,"Men and women receive their agency as a gift from God, but their liberty and, in turn, their eternal happiness come from obedience to His laws."
Counsel to Youth,Boyd K. Packer,saturday-morning,2011-10-01 00:00:00.000,October,2011,October 2011,President of the Quorum of the Twelve Apostles,6,2063,15:54,83,https://www.churchofjesuschrist.org/study/general-conference/2011/10/counsel-to-youth,"Despite the opposition, trials, and temptations, you need not fail or fear."
Spiritual Treasures,Russell M. Nelson,womens,2019-10-05 00:00:00.000,October,2019,October 2019,President of the Church,6,1935,18:17,84,https://www.churchofjesuschrist.org/study/general-conference/2019/10/36nelson,"As you exercise faith in the Lord and His priesthood power, your ability to draw upon this spiritual treasure that the Lord has made available will increase."
"Try, Try, Try",Henry B. Eyring,sunday-afternoon,2018-10-07 00:00:00.000,October,2018,October 2018,Second Counselor in the First Presidency,1,2029,15:60,84,https://www.churchofjesuschrist.org/study/general-conference/2018/10/try-try-try,The Savior is putting His name in your hearts. And you are feeling the pure love of Christ for others and for yourself.
The Doctrines and Principles Contained in the Articles of Faith,L. Tom Perry,priesthood,2013-10-05 00:00:00.000,October,2013,October 2013,Of the Quorum of the Twelve Apostles,1,1697,14:28,84,https://www.churchofjesuschrist.org/study/general-conference/2013/10/the-doctrines-and-principles-contained-in-the-articles-of-faith,Each article of faith adds unique value to our understanding of the gospel of Jesus Christ.
And a Little Child Shall Lead Them,Boyd K. Packer,saturday-morning,2012-04-07 00:00:00.000,April,2012,April 2012,President of the Quorum of the Twelve Apostles,2,2402,16:55,84,https://www.churchofjesuschrist.org/study/general-conference/2012/04/and-a-little-child-shall-lead-them,Husbands and wives should understand that their first calling—from which they will never be released—is to one another and then to their children.
The Second Great Commandment,Russell M. Nelson,sunday-morning,2019-10-06 00:00:00.000,October,2019,October 2019,President of the Church,6,1841,18:27,85,https://www.churchofjesuschrist.org/study/general-conference/2019/10/46nelson,Our greatest joy comes as we help our brothers and sisters.
Women and Gospel Learning in the Home,Henry B. Eyring,womens,2018-10-06 00:00:00.000,October,2018,October 2018,Second Counselor in the First Presidency,4,1746,,85,https://www.churchofjesuschrist.org/study/general-conference/2018/10/women-and-gospel-learning-in-the-home,The Savior is your perfect example of how you will play a major part in His move to place greater emphasis on gospel learning in the home.
Obedience through Our Faithfulness,L. Tom Perry,sunday-afternoon,2014-04-06 00:00:00.000,April,2014,April 2014,Of the Quorum of the Twelve Apostles,3,1800,14:57,85,https://www.churchofjesuschrist.org/study/general-conference/2014/04/obedience-through-our-faithfulness,"Obedience is an emblem of our faith in the wisdom and power of the highest authority, even God."
The Atonement,Boyd K. Packer,sunday-morning,2012-10-07 00:00:00.000,October,2012,October 2012,President of the Quorum of the Twelve Apostles,2,1845,14:49,85,https://www.churchofjesuschrist.org/study/general-conference/2012/10/the-atonement,"Wherever our members and missionaries may go, our message is one of faith and hope in the Savior Jesus Christ."
Closing Remarks,Russell M. Nelson,sunday-afternoon,2019-10-06 00:00:00.000,October,2019,October 2019,President of the Church,7,1529,11:44,86,https://www.churchofjesuschrist.org/study/general-conference/2019/10/57nelson,Individual worthiness requires a total conversion of mind and heart to be more like the Lord.
A Home Where the Spirit of the Lord Dwells,Henry B. Eyring,saturday-morning,2019-04-06 00:00:00.000,April,2019,April 2019,Second Counselor in the First Presidency,6,2247,,86,https://www.churchofjesuschrist.org/study/general-conference/2019/04/16eyring,You will find some of your greatest joys in your efforts to make your home a place of faith in the Lord Jesus Christ and a place that is permeated with love.
Finding Lasting Peace and Building Eternal Families,L. Tom Perry,saturday-afternoon,2014-10-04 00:00:00.000,October,2014,October 2014,Of the Quorum of the Twelve Apostles,7,1910,,86,https://www.churchofjesuschrist.org/study/general-conference/2014/10/finding-lasting-peace-and-building-eternal-families,It is the gospel of Jesus Christ that provides the foundation upon which we can find lasting peace and build eternal family units.
These Things I Know,Boyd K. Packer,saturday-morning,2013-04-06 00:00:00.000,April,2013,April 2013,President of the Quorum of the Twelve Apostles,2,1680,14:13,86,https://www.churchofjesuschrist.org/study/general-conference/2013/04/these-things-i-know,"Of all that I have read and taught and learned, the one most precious and sacred truth that I have to offer is my special witness of Jesus Christ."
Opening Message,Russell M. Nelson,saturday-morning,2020-04-04 00:00:00.000,April,2020,April 2020,President of The Church of Jesus Christ of Latter-day Saints,1,732,6:40,87,https://www.churchofjesuschrist.org/study/general-conference/2020/04/11nelson,"We are to seek, in every way we can, to hear Jesus Christ, who speaks to us through the power and ministering of the Holy Ghost."
The Power of Sustaining Faith,Henry B. Eyring,priesthood,2019-04-06 00:00:00.000,April,2019,April 2019,Second Counselor in the First Presidency,4,1471,12:57,87,https://www.churchofjesuschrist.org/study/general-conference/2019/04/34eyring,"By raising your hand to sustain, you make a promise with God, whose servants these are, that you will sustain them."
Why Marriage and Family Matter—Everywhere in the World,L. Tom Perry,saturday-morning,2015-04-04 00:00:00.000,April,2015,April 2015,Of the Quorum of the Twelve Apostles,6,1738,15:38,87,https://www.churchofjesuschrist.org/study/general-conference/2015/04/why-marriage-and-family-matter-everywhere-in-the-world,Family is the center of life and is the key to eternal happiness.
The Key to Spiritual Protection,Boyd K. Packer,saturday-afternoon,2013-10-05 00:00:00.000,October,2013,October 2013,President of the Quorum of the Twelve Apostles,1,1763,14:40,87,https://www.churchofjesuschrist.org/study/general-conference/2013/10/the-key-to-spiritual-protection,Peace can be settled in the heart of each who turns to the scriptures and unlocks the promises of protection and redemption.
Opening the Heavens for Help,Russell M. Nelson,saturday-evening,2020-04-04 00:00:00.000,April,2020,April 2020,President of The Church of Jesus Christ of Latter-day Saints,7,1230,11:27,88,https://www.churchofjesuschrist.org/study/general-conference/2020/04/37nelson,Let us put our faith in the Lord Jesus Christ into action!
Covenant Women in Partnership with God,Henry B. Eyring,womens,2019-10-05 00:00:00.000,October,2019,October 2019,Second Counselor in the First Presidency,4,1403,12:17,88,https://www.churchofjesuschrist.org/study/general-conference/2019/10/34eyring,"Becoming a covenant woman in partnership with God is how great and good daughters of God have always mothered, led, and ministered."
The Witness,Boyd K. Packer,sunday-afternoon,2014-04-06 00:00:00.000,April,2014,April 2014,President of the Quorum of the Twelve Apostles,1,1800,14:43,88,https://www.churchofjesuschrist.org/study/general-conference/2014/04/the-witness,I wish to share with you those truths which are the most worth knowing.
Hear Him,Russell M. Nelson,sunday-morning,2020-04-05 00:00:00.000,April,2020,April 2020,President of The Church of Jesus Christ of Latter-day Saints,5,2591,24:24,89,https://www.churchofjesuschrist.org/study/general-conference/2020/04/45nelson,"Our Father knows that when we are surrounded by uncertainty and fear, what will help us the very most is to hear His Son."
Holiness and the Plan of Happiness,Henry B. Eyring,sunday-afternoon,2019-10-06 00:00:00.000,October,2019,October 2019,Second Counselor in the First Presidency,1,2051,18:56,89,https://www.churchofjesuschrist.org/study/general-conference/2019/10/51eyring,Greater happiness comes from greater personal holiness.
The Reason for Our Hope,Boyd K. Packer,saturday-morning,2014-10-04 00:00:00.000,October,2014,October 2014,President of the Quorum of the Twelve Apostles,2,1588,12:50,89,https://www.churchofjesuschrist.org/study/general-conference/2014/10/the-reason-for-our-hope,A testimony of the hope of redemption is something which cannot be measured or counted. Jesus Christ is the source of that hope.
Prayers of Faith,Henry B. Eyring,saturday-morning,2020-04-04 00:00:00.000,April,2020,April 2020,Second Counselor in the First Presidency,7,1841,15:43,90,https://www.churchofjesuschrist.org/study/general-conference/2020/04/17eyring,"As we pray in faith, we become a vital part in the Lord’s work as He prepares the world for His Second Coming."
Hosanna Shout,Russell M. Nelson,sunday-morning,2020-04-05 00:00:00.000,April,2020,April 2020,President of The Church of Jesus Christ of Latter-day Saints,6,269,2:28,90,https://www.churchofjesuschrist.org/study/general-conference/2020/04/46nelson,
The Plan of Happiness,Boyd K. Packer,saturday-morning,2015-04-04 00:00:00.000,April,2015,April 2015,President of the Quorum of the Twelve Apostles,2,1901,18:56,90,https://www.churchofjesuschrist.org/study/general-conference/2015/04/the-plan-of-happiness,"The end of all activity in the Church is to see that a man and a woman with their children are happy at home, sealed for eternity."
He Goes before Us,Henry B. Eyring,saturday-evening,2020-04-04 00:00:00.000,April,2020,April 2020,Second Counselor in the First Presidency,5,1976,14:52,91,https://www.churchofjesuschrist.org/study/general-conference/2020/04/35eyring,The Lord is leading the Restoration of His gospel and His Church. He knows the future perfectly. He invites you to the work.
Go Forward in Faith,Russell M. Nelson,sunday-afternoon,2020-04-05 00:00:00.000,April,2020,April 2020,President of The Church of Jesus Christ of Latter-day Saints,7,1181,9:42,91,https://www.churchofjesuschrist.org/study/general-conference/2020/04/57nelson,I bless you with peace and increasing faith in the Lord.
Moving Forward,Russell M. Nelson,saturday-morning,2020-10-03 00:00:00.000,October,2020,October 2020,President of The Church of Jesus Christ of Latter-day Saints,1,537,,92,https://www.churchofjesuschrist.org/study/general-conference/2020/10/11nelson,The work of the Lord is steadily moving forward.
Sisters in Zion,Henry B. Eyring,womens,2020-10-03 00:00:00.000,October,2020,October 2020,Second Counselor in the First Presidency,4,1629,12:54,92,https://www.churchofjesuschrist.org/study/general-conference/2020/10/35eyring,You will be an essential force in the gathering of Israel and in the creation of a Zion people.
Embrace the Future with Faith,Russell M. Nelson,womens,2020-10-03 00:00:00.000,October,2020,October 2020,President of The Church of Jesus Christ of Latter-day Saints,6,1663,16:24,93,https://www.churchofjesuschrist.org/study/general-conference/2020/10/37nelson,The future will be glorious for those who are prepared and who continue to prepare to be instruments in the Lord’s hands.
"Tested, Proved, and Polished",Henry B. Eyring,sunday-afternoon,2020-10-04 00:00:00.000,October,2020,October 2020,Second Counselor in the First Presidency,1,1923,15:59,93,https://www.churchofjesuschrist.org/study/general-conference/2020/10/51eyring,The greatest blessing that will come when we prove ourselves faithful to our covenants during our trials will be a change in our natures.
Let God Prevail,Russell M. Nelson,sunday-morning,2020-10-04 00:00:00.000,October,2020,October 2020,President of The Church of Jesus Christ of Latter-day Saints,6,1858,18:52,94,https://www.churchofjesuschrist.org/study/general-conference/2020/10/46nelson,Are you willing to let God prevail in your life? Are you willing to let God be the most important influence in your life?
A New Normal,Russell M. Nelson,sunday-afternoon,2020-10-04 00:00:00.000,October,2020,October 2020,President of The Church of Jesus Christ of Latter-day Saints,8,562,5:26,95,https://www.churchofjesuschrist.org/study/general-conference/2020/10/58nelson,"I invite you to turn your heart, mind, and soul increasingly to our Heavenly Father and His Son, Jesus Christ."
A Word at Closing,Thomas S. Monson,sunday-afternoon,2010-04-04 00:00:00.000,April,2010,April 2010,President of the Church,8,779,6:26,159,https://www.churchofjesuschrist.org/study/general-conference/2010/04/a-word-at-closing,The lighthouse of the Lord sends forth signals readily recognized and never failing.
He Is Risen!,Thomas S. Monson,sunday-morning,2010-04-04 00:00:00.000,April,2010,April 2010,President of the Church,6,2483,22:29,160,https://www.churchofjesuschrist.org/study/general-conference/2010/04/he-is-risen,"The empty tomb that first Easter morning was the answer to Job’s question, “If a man die, shall he live again?”"
Preparation Brings Blessings,Thomas S. Monson,priesthood,2010-04-03 00:00:00.000,April,2010,April 2010,President of the Church,6,2272,20:33,161,https://www.churchofjesuschrist.org/study/general-conference/2010/04/preparation-brings-blessings,"Let us consider our callings, let us reflect on our responsibilities, and let us follow Jesus Christ."
Welcome to Conference,Thomas S. Monson,saturday-morning,2010-04-03 00:00:00.000,April,2010,April 2010,President of the Church,1,720,,162,https://www.churchofjesuschrist.org/study/general-conference/2010/04/welcome-to-conference,"Thank you, my brothers and sisters, for your faith and devotion to the gospel of Jesus Christ."
As We Meet Together Again,Thomas S. Monson,saturday-morning,2010-10-02 00:00:00.000,October,2010,October 2010,President of the Church,1,674,5:34,163,https://www.churchofjesuschrist.org/study/general-conference/2010/10/as-we-meet-together-again,Missionary service is a priesthood duty—an obligation the Lord expects of us who have been given so very much.
Charity Never Faileth,Thomas S. Monson,relief-society,2010-09-25 00:00:00.000,October,2010,October 2010,President of the Church,4,2183,19:49,164,https://www.churchofjesuschrist.org/study/general-conference/2010/10/charity-never-faileth,"Rather than being judgmental and critical of each other, may we have the pure love of Christ for our fellow travelers in this journey through life."
The Divine Gift of Gratitude,Thomas S. Monson,sunday-morning,2010-10-03 00:00:00.000,October,2010,October 2010,President of the Church,6,2578,,165,https://www.churchofjesuschrist.org/study/general-conference/2010/10/the-divine-gift-of-gratitude,A grateful heart … comes through expressing gratitude to our Heavenly Father for His blessings and to those around us for all that they bring into our lives.
The Three Rs of Choice,Thomas S. Monson,priesthood,2010-10-02 00:00:00.000,October,2010,October 2010,President of the Church,6,2137,20:36,166,https://www.churchofjesuschrist.org/study/general-conference/2010/10/the-three-rs-of-choice,Each of us has come to this earth with all the tools necessary to make correct choices.
Till We Meet Again,Thomas S. Monson,sunday-afternoon,2010-10-03 00:00:00.000,October,2010,October 2010,President of the Church,8,721,6:30,167,https://www.churchofjesuschrist.org/study/general-conference/2010/10/till-we-meet-again,"Endure to the end we must, for our goal is eternal life in the presence of our Father in Heaven."
At Parting,Thomas S. Monson,sunday-afternoon,2011-04-03 00:00:00.000,April,2011,April 2011,President of the Church,8,642,5:44,168,https://www.churchofjesuschrist.org/study/general-conference/2011/04/at-parting,"None of us can conceive the full import of what Christ did for us in Gethsemane, but I am grateful every day of my life for His atoning sacrifice."
It’s Conference Once Again,Thomas S. Monson,saturday-morning,2011-04-02 00:00:00.000,April,2011,April 2011,President of the Church,1,629,5:29,169,https://www.churchofjesuschrist.org/study/general-conference/2011/04/its-conference-once-again,"Thank you for your faith and devotion to the gospel, for the love and care you show to one another, and for the service you provide."
Priesthood Power,Thomas S. Monson,priesthood,2011-04-02 00:00:00.000,April,2011,April 2011,President of the Church,6,2642,24:45,170,https://www.churchofjesuschrist.org/study/general-conference/2011/04/priesthood-power,May we be worthy recipients of the divine power of the priesthood we bear. May it bless our lives and may we use it to bless the lives of others.
The Holy Temple—a Beacon to the World,Thomas S. Monson,sunday-morning,2011-04-03 00:00:00.000,April,2011,April 2011,President of the Church,6,2445,21:20,171,https://www.churchofjesuschrist.org/study/general-conference/2011/04/the-holy-temple-a-beacon-to-the-world,The all-important and crowning blessings of membership in the Church are those blessings which we receive in the temples of God.
As We Meet Again,Thomas S. Monson,saturday-morning,2011-10-01 00:00:00.000,October,2011,October 2011,President of the Church,4,723,,172,https://www.churchofjesuschrist.org/study/general-conference/2011/10/as-we-meet-again,It is my prayer that we may be filled with the Spirit of the Lord as we listen to the messages today and tomorrow and learn those things the Lord would have us know.
Dare to Stand Alone,Thomas S. Monson,priesthood,2011-10-01 00:00:00.000,October,2011,October 2011,President of the Church,6,2691,,173,https://www.churchofjesuschrist.org/study/general-conference/2011/10/dare-to-stand-alone,May we ever be courageous and prepared to stand for what we believe.
Stand in Holy Places,Thomas S. Monson,sunday-morning,2011-10-02 00:00:00.000,October,2011,October 2011,President of the Church,6,2564,21:52,174,https://www.churchofjesuschrist.org/study/general-conference/2011/10/stand-in-holy-places,Communication with our Father in Heaven—including our prayers to Him and His inspiration to us—is necessary in order for us to weather the storms and trials of life.
Until We Meet Again,Thomas S. Monson,sunday-afternoon,2011-10-02 00:00:00.000,October,2011,October 2011,President of the Church,8,761,6:11,175,https://www.churchofjesuschrist.org/study/general-conference/2011/10/until-we-meet-again,May the spirit we have felt here be and abide with us as we go about those things which occupy us each day.
As We Close This Conference,Thomas S. Monson,sunday-afternoon,2012-04-08 00:00:00.000,April,2012,April 2012,President of the Church,8,734,6:24,176,https://www.churchofjesuschrist.org/study/general-conference/2012/04/as-we-close-this-conference,"May you ponder the truths you have heard, and may they help you to become even better than you were when conference began."
As We Gather Once Again,Thomas S. Monson,saturday-morning,2012-04-07 00:00:00.000,April,2012,April 2012,President of the Church,1,631,5:47,177,https://www.churchofjesuschrist.org/study/general-conference/2012/04/as-we-gather-once-again,Our Heavenly Father is mindful of each of us and our needs. May we be filled with His Spirit as we partake of the proceedings of this conference.
"Believe, Obey, and Endure",Thomas S. Monson,young-women,2012-03-31 00:00:00.000,April,2012,April 2012,President of the Church,4,2317,19:43,178,https://www.churchofjesuschrist.org/study/general-conference/2012/04/believe-obey-and-endure,Believe that remaining strong and faithful to the truths of the gospel is of utmost importance. I testify that it is!
The Race of Life,Thomas S. Monson,sunday-morning,2012-04-08 00:00:00.000,April,2012,April 2012,President of the Church,6,2183,19:45,179,https://www.churchofjesuschrist.org/study/general-conference/2012/04/the-race-of-life,Where did we come from? Why are we here? Where do we go after this life? No longer need these universal questions remain unanswered.
Willing and Worthy to Serve,Thomas S. Monson,priesthood,2012-04-07 00:00:00.000,April,2012,April 2012,President of the Church,6,2214,18:17,180,https://www.churchofjesuschrist.org/study/general-conference/2012/04/willing-and-worthy-to-serve,"Miracles are everywhere to be found when the priesthood is understood, its power is honored and used properly, and faith is exerted."
Consider the Blessings,Thomas S. Monson,sunday-morning,2012-10-07 00:00:00.000,October,2012,October 2012,President of the Church,6,2550,20:46,181,https://www.churchofjesuschrist.org/study/general-conference/2012/10/consider-the-blessings,Our Heavenly Father is aware of our needs and will help us as we call upon Him for assistance.
God Be with You Till We Meet Again,Thomas S. Monson,sunday-afternoon,2012-10-07 00:00:00.000,October,2012,October 2012,President of the Church,8,761,5:59,182,https://www.churchofjesuschrist.org/study/general-conference/2012/10/god-be-with-you-till-we-meet-again,"As we take the messages of the past two days into our hearts and into our lives, we will be blessed."
See Others as They May Become,Thomas S. Monson,priesthood,2012-10-06 00:00:00.000,October,2012,October 2012,President of the Church,6,2586,20:32,183,https://www.churchofjesuschrist.org/study/general-conference/2012/10/see-others-as-they-may-become,We must develop the capacity to see men not as they are at present but as they may become.
Welcome to Conference,Thomas S. Monson,saturday-morning,2012-10-06 00:00:00.000,October,2012,October 2012,President of the Church,1,828,7:20,184,https://www.churchofjesuschrist.org/study/general-conference/2012/10/welcome-to-conference,"May we listen attentively to the messages … , that we may feel the Spirit of the Lord and gain the knowledge He would desire for us."
"Come, All Ye Sons of God",Thomas S. Monson,priesthood,2013-04-06 00:00:00.000,April,2013,April 2013,President of the Church,6,2129,19:25,185,https://www.churchofjesuschrist.org/study/general-conference/2013/04/come-all-ye-sons-of-god,"May each one of us search the scriptures with diligence, plan his life with purpose, teach the truth with testimony, and serve the Lord with love."
Obedience Brings Blessings,Thomas S. Monson,sunday-morning,2013-04-07 00:00:00.000,April,2013,April 2013,President of the Church,6,2313,,186,https://www.churchofjesuschrist.org/study/general-conference/2013/04/obedience-brings-blessings,A knowledge of truth and the answers to our greatest questions come to us as we are obedient to the commandments of God.
Until We Meet Again,Thomas S. Monson,sunday-afternoon,2013-04-07 00:00:00.000,April,2013,April 2013,President of the Church,8,683,6:33,187,https://www.churchofjesuschrist.org/study/general-conference/2013/04/until-we-meet-again,"I pray that the Lord will bless and keep you, my brothers and sisters. May His promised peace be with you now and always."
Welcome to Conference,Thomas S. Monson,saturday-morning,2013-04-06 00:00:00.000,April,2013,April 2013,President of the Church,1,584,4:30,188,https://www.churchofjesuschrist.org/study/general-conference/2013/04/welcome-to-conference,I urge you to be attentive and receptive to the messages which we will hear. That we may do so is my prayer.
"“I Will Not Fail Thee, nor Forsake Thee”",Thomas S. Monson,sunday-morning,2013-10-06 00:00:00.000,October,2013,October 2013,President of the Church,6,1937,18:16,189,https://www.churchofjesuschrist.org/study/general-conference/2013/10/i-will-not-fail-thee-nor-forsake-thee,Our Heavenly Father … knows that we learn and grow and become stronger as we face and survive the trials through which we must pass.
Till We Meet Again,Thomas S. Monson,sunday-afternoon,2013-10-06 00:00:00.000,October,2013,October 2013,President of the Church,8,339,,190,https://www.churchofjesuschrist.org/study/general-conference/2013/10/till-we-meet-again,"May we show increased kindness toward one another, and may we ever be found doing the work of the Lord."
True Shepherds,Thomas S. Monson,priesthood,2013-10-05 00:00:00.000,October,2013,October 2013,President of the Church,6,2009,17:33,191,https://www.churchofjesuschrist.org/study/general-conference/2013/10/true-shepherds,Home teaching answers many prayers and permits us to see the transformations which can take place in people’s lives.
We Never Walk Alone,Thomas S. Monson,relief-society,2013-09-28 00:00:00.000,October,2013,October 2013,President of the Church,4,2117,16:33,192,https://www.churchofjesuschrist.org/study/general-conference/2013/10/we-never-walk-alone,"You will one day stand aside and look at your difficult times, and you will realize that He was always there beside you."
Welcome to Conference,Thomas S. Monson,saturday-morning,2013-10-05 00:00:00.000,October,2013,October 2013,President of the Church,1,493,4:28,193,https://www.churchofjesuschrist.org/study/general-conference/2013/10/welcome-to-conference,It is my prayer that we may be filled with the Spirit of the Lord as we listen and learn.
Be Strong and of a Good Courage,Thomas S. Monson,priesthood,2014-04-05 00:00:00.000,April,2014,April 2014,President of the Church,6,1813,16:18,194,https://www.churchofjesuschrist.org/study/general-conference/2014/04/be-strong-and-of-a-good-courage,"Let us—all of us—have the courage to defy the consensus, the courage to stand for principle."
Love—the Essence of the Gospel,Thomas S. Monson,sunday-morning,2014-04-06 00:00:00.000,April,2014,April 2014,President of the Church,6,1851,15:53,195,https://www.churchofjesuschrist.org/study/general-conference/2014/04/love-the-essence-of-the-gospel,We cannot truly love God if we do not love our fellow travelers on this mortal journey.
Until We Meet Again,Thomas S. Monson,sunday-afternoon,2014-04-06 00:00:00.000,April,2014,April 2014,President of the Church,8,519,,196,https://www.churchofjesuschrist.org/study/general-conference/2014/04/until-we-meet-again,May the Spirit we have felt during these past two days be and abide with us as we go about those things which occupy us each day.
Welcome to Conference,Thomas S. Monson,saturday-morning,2014-04-05 00:00:00.000,April,2014,April 2014,President of the Church,1,507,4:34,197,https://www.churchofjesuschrist.org/study/general-conference/2014/04/welcome-to-conference,We are … united in our faith and in our desire to listen to and learn from the messages which will be presented to us.
Guided Safely Home,Thomas S. Monson,priesthood,2014-10-04 00:00:00.000,October,2014,October 2014,President of the Church,6,1602,,198,https://www.churchofjesuschrist.org/study/general-conference/2014/10/guided-safely-home,"We look heavenward for that unfailing sense of direction, that we might chart and follow a wise and proper course."
Ponder the Path of Thy Feet,Thomas S. Monson,sunday-morning,2014-10-05 00:00:00.000,October,2014,October 2014,President of the Church,6,1719,14:26,199,https://www.churchofjesuschrist.org/study/general-conference/2014/10/ponder-the-path-of-thy-feet,"As we look to Jesus as our Exemplar and as we follow in His footsteps, we can return safely to our Heavenly Father."
Until We Meet Again,Thomas S. Monson,sunday-afternoon,2014-10-05 00:00:00.000,October,2014,October 2014,President of the Church,8,442,3:25,200,https://www.churchofjesuschrist.org/study/general-conference/2014/10/until-we-meet-again,"May we all ponder the truths we have heard, and may they help us to become even more valiant disciples."
Welcome to Conference,Thomas S. Monson,saturday-morning,2014-10-04 00:00:00.000,October,2014,October 2014,President of the Church,1,567,4:54,201,https://www.churchofjesuschrist.org/study/general-conference/2014/10/welcome-to-conference,"As we listen, may our hearts be touched and our faith increased."
Blessings of the Temple,Thomas S. Monson,sunday-morning,2015-04-05 00:00:00.000,April,2015,April 2015,President of the Church,1,1441,,202,https://www.churchofjesuschrist.org/study/general-conference/2015/04/blessings-of-the-temple,"As we attend the temple, there can come to us a dimension of spirituality and a feeling of peace."
The Priesthood—a Sacred Gift,Thomas S. Monson,priesthood,2015-04-04 00:00:00.000,April,2015,April 2015,President of the Church,6,1570,13:15,203,https://www.churchofjesuschrist.org/study/general-conference/2015/04/the-priesthood-a-sacred-gift,Each of us has been entrusted with one of the most precious gifts ever bestowed upon mankind.
Be an Example and a Light,Thomas S. Monson,sunday-morning,2015-10-04 00:00:00.000,October,2015,October 2015,President of the Church,1,1758,13:39,204,https://www.churchofjesuschrist.org/study/general-conference/2015/10/be-an-example-and-a-light,"As we follow the example of the Savior, ours will be the opportunity to be a light in the lives of others."
Keep the Commandments,Thomas S. Monson,priesthood,2015-10-03 00:00:00.000,October,2015,October 2015,President of the Church,5,1539,14:24,205,https://www.churchofjesuschrist.org/study/general-conference/2015/10/keep-the-commandments,He who created us and who loves us perfectly knows just how we need to live our lives in order to obtain the greatest happiness possible.
A Sacred Trust,Thomas S. Monson,priesthood,2016-04-02 00:00:00.000,April,2016,April 2016,President of the Church,5,483,3:56,206,https://www.churchofjesuschrist.org/study/general-conference/2016/04/a-sacred-trust,This precious gift of priesthood power brings with it not only solemn responsibilities but also special blessings for ourselves and for others.
Choices,Thomas S. Monson,sunday-morning,2016-04-03 00:00:00.000,April,2016,April 2016,President of the Church,1,493,4:13,207,https://www.churchofjesuschrist.org/study/general-conference/2016/04/choices,May we ever choose the harder right instead of the easier wrong.
Principles and Promises,Thomas S. Monson,priesthood,2016-10-01 00:00:00.000,October,2016,October 2016,President of the Church,5,511,4:40,208,https://www.churchofjesuschrist.org/study/general-conference/2016/10/principles-and-promises,"May we care for our bodies and our minds by observing the principles set forth in the Word of Wisdom, a divinely provided plan."
The Perfect Path to Happiness,Thomas S. Monson,sunday-morning,2016-10-02 00:00:00.000,October,2016,October 2016,President of the Church,1,535,4:40,209,https://www.churchofjesuschrist.org/study/general-conference/2016/10/the-perfect-path-to-happiness,I testify of the great gift which is our Father’s plan for us. It is the one perfect path to peace and happiness.
"Kindness, Charity, and Love",Thomas S. Monson,priesthood,2017-04-01 00:00:00.000,April,2017,April 2017,President of the Church,1,407,,210,https://www.churchofjesuschrist.org/study/general-conference/2017/04/kindness-charity-and-love,"Let us examine our lives and determine to follow the Savior’s example by being kind, loving, and charitable."
The Power of the Book of Mormon,Thomas S. Monson,sunday-morning,2017-04-02 00:00:00.000,April,2017,April 2017,President of the Church,1,408,3:27,211,https://www.churchofjesuschrist.org/study/general-conference/2017/04/the-power-of-the-book-of-mormon,I implore each of us to prayerfully study and ponder the Book of Mormon each day.
